arxiv,abstract
1008.2461,"A search for new heavy particles manifested as resonances in two-jet final states is presented. The data were produced in 7 TeV proton-proton collisions by the Large Hadron Collider (LHC) and correspond to an integrated luminosity of 315 nb^-1 collected by the ATLAS detector. No resonances were observed. Upper limits were set on the product of cross section and signal acceptance for excited-quark (q*) production as a function of q* mass. These exclude at the 95% CL the q* mass interval 0.30 &lt; mq* &lt; 1.26 TeV, extending the reach of previous experiments."
1103.3864,"A search for new interactions and resonances produced in LHC proton-proton (pp) collisions at a centre-of-mass energy sqrt(s)= 7 TeV has been performed with the ATLAS detector. Using a data set with an integrated luminosity of 36 pb-1 dijet mass and angular distributions have been measured up to dijet masses of \sim 3.5 TeV and found to be in good agreement with Standard Model predictions. This analysis sets limits at 95% C.L. on various models for new physics: an excited quark is excluded with mass between 0.60 and 2.64 TeV, an axigluon hypothesis is excluded for axigluon masses between 0.60 and 2.10 TeV and Randall-Meade quantum black holes are excluded in models with six extra space-time dimensions for quantum gravity scales between 0.75 and 3.67 TeV. Production cross section limits as a function of dijet mass are set using a simplified Gaussian signal model to facilitate comparisons with other hypotheses. Analysis of the dijet angular distribution using a novel technique 18 simultaneously employing the dijet mass excludes quark contact interactions with a compositeness scale Λ below 9.5 TeV."
1108.6311,"Invariant mass distributions of jet pairs (dijets) produced in LHC proton-proton collisions at a centre-of-mass energy sqrt(s)=7 TeV have been studied using a data set corresponding to an integrated luminosity of 1.0 fb^-1 recorded in 2011 by ATLAS. Dijet masses up to ~4 TeV are observed in the data, and no evidence of resonance production over background is found. Limits are set at 95% CL for several new physics hypotheses: excited quarks are excluded for masses below 2.99 TeV, axigluons are excluded for masses below 3.32 TeV, and colour octet scalar resonances are excluded for masses below 1.92 TeV."
1407.1376,"Dijet events produced in LHC proton--proton collisions at a center-of-mass energy $\sqrt{s}=8$ TeV are studied with the ATLAS detector using the full 2012 data set, with an integrated luminosity of 20.3 fb$^{-1}$. Dijet masses up to about 4.5 TeV are probed. No resonance-like features are observed in the dijet mass spectrum. Limits on the cross section times acceptance are set at the 95% credibility level for various hypotheses of new phenomena in terms of mass or energy scale, as appropriate. This analysis excludes excited quarks with a mass below 4.09 TeV, color-octet scalars with a mass below 2.72 TeV, heavy $W'$ bosons with a mass below 2.45 TeV, chiral ${W^\ast}$ bosons with a mass below 1.75 TeV, and quantum black holes with six extra space-time dimensions with threshold mass below 5.82 TeV."
1512.01530,"This Letter describes a model-agnostic search for pairs of jets (dijets) produced by resonant and non-resonant phenomena beyond the Standard Model in 3.6 fb$^{-1}$ of proton-proton collisions with a centre-of-mass energy of $\sqrt{s}=13$ TeV recorded by the ATLAS detector at the Large Hadron Collider. The distribution of the invariant mass of the two leading jets is examined for local excesses above a data-derived estimate of the smoothly falling prediction of the Standard Model. The data are also compared to a Monte Carlo simulation of Standard Model angular distributions derived from the rapidity of the two jets. No evidence of anomalous phenomena is observed in the data, which are used to exclude, at 95% CL, quantum black holes with threshold masses below 8.3 TeV, 8.1 TeV, or 5.3 TeV in three different benchmark scenarios; resonance masses below 5.2 TeV for excited quarks, 2.6 TeV in a $W^\prime$ model, a range of masses starting from $m_{Z^\prime}=1.5$ TeV and couplings from $g_q = 0.2$ in a $Z^\prime$ model; and contact interactions with a compositeness scale below 12.0 TeV and 17.5 TeV respectively for destructive and constructive interference between the new interaction and QCD processes. These results significantly extend the ATLAS limits obtained from 8 TeV data. Gaussian-shaped contributions to the mass distribution are also excluded if the effective cross-section exceeds values ranging from approximately 50-300 fb for masses below 2 TeV to 2-20 fb for masses above 4 TeV."
1703.09127,"Dijet events are studied in the proton--proton collision dataset recorded at $\sqrt{s}=$13 TeV with the ATLAS detector at the Large Hadron Collider in 2015 and 2016, corresponding to integrated luminosities of 3.5 fb$^{-1}$ and 33.5 fb$^{-1}$ respectively. Invariant mass and angular distributions are compared to background predictions and no significant deviation is observed. For resonance searches, a new method for fitting the background component of the invariant mass distribution is employed. The dataset is then used to set upper limits at a 95% confidence level on a range of new physics scenarios. Excited quarks with masses below 6.0 TeV are excluded, and limits are set on quantum black holes, heavy W' bosons, W* bosons, and a range of masses and couplings in a Z' dark matter mediator model. Model-independent limits on signals with a Gaussian shape are also set, using a new approach allowing factorization of physics and detector effects. From the angular distributions, a scale of new physics in contact interaction models is excluded for scenarios with either constructive or destructive interference. These results represent a substantial improvement over those obtained previously with lower integrated luminosity."
1910.08447,"A search for new resonances decaying into a pair of jets is reported using the dataset of proton-proton collisions recorded at $\sqrt{s}=13$ TeV with the ATLAS detector at the Large Hadron Collider between 2015 and 2018, corresponding to an integrated luminosity of 139 fb$^{-1}$. The distribution of the invariant mass of the two leading jets is examined for local excesses above a data-derived estimate of the Standard Model background. In addition to an inclusive dijet search, events with jets identified as containing $b$-hadrons are examined specifically. No significant excess of events above the smoothly falling background spectra is observed. The results are used to set cross-section upper limits at 95% confidence level on a range of new physics scenarios. Model-independent limits on Gaussian-shaped signals are also reported. The analysis looking at jets containing $b$-hadrons benefits from improvements in the jet flavour identification at high transverse momentum, which increases its sensitivity relative to the previous analysis beyond that expected from the higher integrated luminosity."
2005.02983,"This Letter describes a search for narrowly resonant new physics using a machine-learning anomaly detection procedure that does not rely on a signal simulations for developing the analysis selection. Weakly supervised learning is used to train classifiers directly on data to enhance potential signals. The targeted topology is dijet events and the features used for machine learning are the masses of the two jets. The resulting analysis is essentially a three-dimensional search $A\rightarrow BC$, for $m_A\sim\mathcal{O}(\text{TeV})$, $m_B,m_C\sim\mathcal{O}(100\text{ GeV})$ and $B,C$ are reconstructed as large-radius jets, without paying a penalty associated with a large trials factor in the scan of the masses of the two jets. The full Run 2 $\sqrt{s}=13$ TeV $pp$ collision data set of 139 fb$^{-1}$ recorded by the ATLAS detector at the Large Hadron Collider is used for the search. There is no significant evidence of a localized excess in the dijet invariant mass spectrum between 1.8 and 8.2 TeV. Cross-section limits for narrow-width $A$, $B$, and $C$ particles vary with $m_A$, $m_B$, and $m_C$. For example, when $m_A=3$ TeV and $m_B\gtrsim 200$ GeV, a production cross section between 1 and 5 fb is excluded at 95% confidence level, depending on $m_C$. For certain masses, these limits are up to 10 times more sensitive than those obtained by the inclusive dijet search. These results are complementary to the dedicated searches for the case that $B$ and $C$ are Standard Model bosons."
1112.3580,"This Letter describes a model-independent search for production of new resonant states in photon-jet events in 2.11 fb^-1 of proton-proton collisions at sqrt(s) = 7 TeV. We compare the photon-jet mass distribution to a data-driven background estimate and find consistency with the background hypothesis. Given the lack of evidence for a signal, we set 95% CL limits on generic Gaussian-shape signals and on a benchmark excited-quark (q*) model, excluding 2 TeV Gaussian resonances with cross section times branching ratio times acceptance times efficiency near 5 fb and excluding q* masses below 2.46 TeV, respectively."
1309.3230,This Letter describes a model-independent search for the production of new resonances in photon + jet events using 20 inverse fb of proton--proton LHC data recorded with the ATLAS detector at a centre-of-mass energy of sqrt(s) = 8 TeV. The photon + jet mass distribution is compared to a background model fit from data; no significant deviation from the background-only hypothesis is found. Limits are set at 95% credibility level on generic Gaussian-shaped signals and two benchmark phenomena beyond the Standard Model: non-thermal quantum black holes and excited quarks. Non-thermal quantum black holes are excluded below masses of 4.6 TeV and excited quarks are excluded below masses of 3.5 TeV.
1512.05910,"A search is performed for the production of high-mass resonances decaying into a photon and a jet in 3.2 fb$^{-1}$ of proton--proton collisions at a centre-of-mass energy of $\sqrt{s} = 13$ TeV collected by the ATLAS detector at the Large Hadron Collider. Selected events have an isolated photon and a jet, each with transverse momentum above 150 GeV. No significant deviation of the $γ+$jet invariant mass distribution from the background-only hypothesis is found. Limits are set at 95% confidence level on the cross sections of generic Gaussian-shaped signals and of a few benchmark phenomena beyond the Standard Model: excited quarks with vector-like couplings to the Standard Model particles, and non-thermal quantum black holes in two models of extra spatial dimensions. The minimum excluded visible cross sections for Gaussian-shaped resonances with width-to-mass ratios of 2% decrease from about 6 fb for a mass of 1.5 TeV to about 0.8 fb for a mass of 5 TeV. The minimum excluded visible cross sections for Gaussian-shaped resonances with width-to-mass ratios of 15% decrease from about 50 fb for a mass of 1.5 TeV to about 1.0 fb for a mass of 5 TeV. Excited quarks are excluded below masses of 4.4 TeV, and non-thermal quantum black holes are excluded below masses of 3.8 (6.2) TeV for Randall--Sundrum (Arkani-Hamed--Dimopoulous--Dvali) models with one (six) extra dimensions."
1709.10440,"A search is performed for new phenomena in events having a photon with high transverse momentum and a jet collected in 36.7 fb$^{-1}$ of proton-proton collisions at a centre-of-mass energy of $\sqrt{s}$ = 13 TeV recorded with the ATLAS detector at the Large Hadron Collider. The invariant mass distribution of the leading photon and jet is examined to look for the resonant production of new particles or the presence of new high-mass states beyond the Standard Model. No significant deviation from the background-only hypothesis is observed and cross-section limits for generic Gaussian-shaped resonances are extracted. Excited quarks hypothesized in quark compositeness models and high-mass states predicted in quantum black hole models with extra dimensions are also examined in the analysis. The observed data exclude, at 95% confidence level, the mass range below 5.3 TeV for excited quarks and 7.1 TeV (4.4 TeV) for quantum black holes in the Arkani-Hamed-Dimopoulos-Dvali (Randall-Sundrum) model with six (one) extra dimensions."
1804.03496,"Searches for dijet resonances with sub-TeV masses using the ATLAS detector at the Large Hadron Collider can be statistically limited by the bandwidth available to inclusive single-jet triggers, whose data-collection rates at low transverse momentum are much lower than the rate from Standard Model multijet production. This Letter describes a new search for dijet resonances where this limitation is overcome by recording only the event information calculated by the jet trigger algorithms, thereby allowing much higher event rates with reduced storage needs. The search targets low-mass dijet resonances in the range 450-1800 GeV. The analyzed dataset has an integrated luminosity of up to 29.3 fb$^{-1}$ and was recorded at a center-of-mass energy of 13 TeV. No excesses are found; limits are set on Gaussian-shaped contributions to the dijet mass distribution from new particles and on a model of dark-matter particles with axial-vector couplings to quarks."
2509.01219,"This article reports on a search for dijet resonances using $132$ fb$^{-1}$ of $pp$ collision data recorded at $\sqrt{s} = 13$ TeV by the ATLAS detector at the Large Hadron Collider. The search is performed solely on jets reconstructed within the ATLAS trigger to overcome bandwidth limitations imposed on conventional single-jet triggers, which would otherwise reject data from decays of sub-TeV dijet resonances. Collision events with two jets satisfying transverse momentum thresholds of $p_{\textrm{T}} \ge 85$ GeV and jet rapidity separation of $|y^{*}|&lt;0.6$ are analysed for dijet resonances with invariant masses from $375$ to $1800$ GeV. A data-driven background estimate is used to model the dijet mass distribution from multijet processes. No significant excess above the expected background is observed. Upper limits are set at $95\%$ confidence level on coupling values for a benchmark leptophobic axial-vector $Z^{\prime}$ model and on the production cross-section for a new resonance contributing a Gaussian-distributed line-shape to the dijet mass distribution."
2606.03222,"A search for dijet resonances in the mass range of 100-250 GeV is presented using proton-proton collision data recorded by the ATLAS experiment at the Large Hadron Collider at a centre-of-mass energy of 13 TeV. Conventional searches for hadronic resonances in the sub-TeV regime are heavily constrained by high jet trigger thresholds required to manage the overwhelming rate of Standard Model multijet background processes described by quantum chromodynamics. To overcome this limitation, this analysis uses a novel strategy that separately reconstructs multiple proton-proton interactions per bunch crossing, known as pile-up collisions. The dataset was collected by the ATLAS experiment using single-electron and single-muon triggers in 2016-2018 corresponding to an integrated luminosity of 1.30 pb$^{-1}$, which represents the effective luminosity of pile-up collisions recorded alongside triggered events. This constitutes the first application of pile-up collisions to probe low dijet mass scales. No significant excess is observed above the background expectation and exclusion limits are set for a generic Gaussian model and a simplified dark matter model featuring an axial-vector mediator with coupling to quarks."
1801.08769,"This Letter presents a search for new light resonances decaying to pairs of quarks and produced in association with a high-$p_{\textrm{T}}$ photon or jet. The dataset consists of proton-proton collisions with an integrated luminosity of 36.1 fb$^{-1}$ at a centre-of-mass energy of $\sqrt{s}=13$ TeV recorded by the ATLAS detector at the Large Hadron Collider. Resonance candidates are identified as massive large-radius jets with substructure consistent with a particle decaying into a quark pair. The mass spectrum of the candidates is examined for local excesses above background. No evidence of a new resonance is observed in the data, which are used to exclude the production of a lepto-phobic axial-vector $Z^\prime$ boson."
1901.10917,"A search is performed for localised excesses in dijet mass distributions of low-dijet-mass events produced in association with a high transverse energy photon. The search uses up to 79.8 fb$^{-1}$ of LHC proton-proton collisions collected by the ATLAS experiment at a centre-of-mass energy of 13 TeV during 2015-2017. Two variants are presented: one which makes no jet flavour requirements and one which requires both jets to be tagged as $b$-jets. The observed mass distributions are consistent with multi-jet processes in the Standard Model. The data are used to set upper limits on the production cross-section for a benchmark $Z^\prime$ model and, separately, on generic Gaussian-shape contributions to the mass distributions, extending the current ATLAS constraints on dijet resonances to the mass range between 225 and 1100 GeV."
2403.08547,"A search is performed for localized excesses in the low-mass dijet invariant mass distribution, targeting a hypothetical new particle decaying into two jets and produced in association with either a high transverse momentum photon or a jet. The search uses the full Run 2 data sample from LHC proton-proton collisions collected by the ATLAS experiment at a center-of-mass energy of 13 TeV during 2015-2018. Two variants of the search are presented for each type of initial-state radiation: one that makes no jet flavor requirements and one that requires both of the jets to have been identified as containing $b$-hadrons. No excess is observed relative to the Standard Model prediction, and the data are used to set upper limits on the production cross-section for a benchmark $Z'$ model and, separately, for generic, beyond the Standard Model scenarios which might produce a Gaussian-shaped contribution to dijet invariant mass distributions. The results extend the current constraints on dijet resonances to the mass range between 200 and 650 GeV."
1603.08791,"Searches for high-mass resonances in the dijet invariant mass spectrum with one or two jets identified as $b$-jets are performed using an integrated luminosity of $3.2$ fb$^{-1}$ of proton--proton collisions with a centre-of-mass energy of $\sqrt{s}=13$ TeV recorded by the ATLAS detector at the Large Hadron Collider. No evidence of anomalous phenomena is observed in the data, which are used to exclude, at 95% credibility level, excited $b^{*}$ quarks with masses from 1.1 TeV to 2.1 TeV and leptophobic $Z'$ bosons with masses from 1.1 TeV to 1.5 TeV. Contributions of a Gaussian signal shape with effective cross sections ranging from approximately 0.4 to 0.001 pb are also excluded in the mass range 1.5-5.0 TeV."
1805.09299,"A search for new resonances decaying into jets containing b-hadrons in $pp$ collisions with the ATLAS detector at the LHC is presented in the dijet mass range from 0.57 TeV to 7 TeV. The dataset corresponds to an integrated luminosity of up to 36.1 fb$^{-1}$ collected in 2015 and 2016 at $\sqrt{s} = 13$ TeV. No evidence of a significant excess of events above the smooth background shape is found. Upper cross-section limits and lower limits on the corresponding signal mass parameters for several types of signal hypotheses are provided at 95% CL. In addition, 95% CL upper limits are set on the cross-sections for new processes that would produce Gaussian-shaped signals in the di-b-jet mass distributions."
2108.09059,A search optimized for new heavy particles decaying to two $b$-quarks and produced in association with additional $b$-quarks is reported. The sensitivity is improved by $b$-tagging at least one lower-$p_{\rm{T}}$ jet in addition to the two highest-$p_{\rm{T}}$ jets. The data used in this search correspond to an integrated luminosity of 103 $\text{fb}^{-1}$ collected with a dedicated trijet trigger during the 2017 and 2018 $\sqrt{s} = 13$ TeV proton-proton collision runs with the ATLAS detector at the LHC. The search looks for resonant peaks in the $b$-tagged dijet invariant mass spectrum over a smoothly falling background. The background is estimated with an innovative data-driven method based on orthonormal functions. The observed $b$-tagged dijet invariant mass spectrum is compatible with the background-only hypothesis. Upper limits at 95% confidence level on a heavy vector-boson production cross section times branching ratio to a pair of $b$-quarks are derived.
1110.2693,"A search for pair-produced scalar particles decaying to a four-jet final state is presented. The analysis is performed using an integrated luminosity of 34 pb^-1 recorded by the ATLAS detector in 2010. No deviation from the Standard Model is observed. For a scalar mass of 100 GeV (190 GeV) the limit on the scalar gluon pair production cross section at 95% confidence level is 1 nb (0.28 nb). When these results are interpreted as mass limits, scalar-gluons (hyperpions) with masses of 100 to 185 GeV (100 to 155 GeV) are excluded at 95% confidence level with the exception of a mass window of width about 5 GeV (15 GeV) around 140 GeV."
1210.4826,"A search for pair-produced massive coloured scalar particles decaying to a four-jet final state is performed by the ATLAS experiment at the LHC in proton-proton collisions at sqrt(s) = 7 TeV. The analysed data sample corresponds to an integrated luminosity of 4.6 /fb. No deviation from the Standard Model is observed in the invariant mass spectrum of the two-jet pairs. A limit on the scalar gluon pair production cross-section of 70 pb (10 pb) is obtained at the 95% confidence level for a scalar gluon mass of 150 GeV (350 GeV). Interpreting these results as mass limits on scalar gluons, masses ranging from 150 GeV to 287 GeV are excluded at the 95% confidence level."
1710.07171,"A search for massive coloured resonances which are pair-produced and decay into two jets is presented. The analysis uses 36.7 fb$^{-1}$ of $\sqrt{s}=$ 13 TeV pp collision data recorded by the ATLAS experiment at the LHC in 2015 and 2016. No significant deviation from the background prediction is observed. Results are interpreted in a SUSY simplified model where the lightest supersymmetric particle is the top squark, $\tilde{t}$, which decays promptly into two quarks through $R$-parity-violating couplings. Top squarks with masses in the range 100 GeV &lt; $m_{\tilde{t}}$ &lt; 410 GeV are excluded at 95% confidence level. If the decay is into a $b$-quark and a light quark, a dedicated selection requiring two $b$-tags is used to exclude masses in the ranges 100 GeV &lt; $m_{\tilde{t}}$ &lt; 470 GeV and 480 GeV &lt; $m_{\tilde{t}}$ &lt; 610 GeV. Additional limits are set on the pair-production of massive colour-octet resonances."
1210.4813,"A search is conducted for hadronic three-body decays of a new massive coloured particle in sqrt(s) = 7 TeV pp collisions at the LHC using an integrated luminosity of 4.6/fb collected by the ATLAS detector. Supersymmetric gluino pair production in the context of a model with R-parity violation is used as a benchmark scenario. The analysis is divided into two search channels, each optimised separately for their sensitivity to high-mass and low-mass gluino production. The first search channel uses a stringent selection on the transverse momentum of the six leading jets and is performed as a counting experiment. The second search channel focuses on low-mass gluinos produced with a large boost. Large-radius jets are selected and the invariant mass of each of the two leading jets is used as a discriminant between the signal and the background. The results are found to be consistent with Standard Model expectations and limits are set on the allowed gluino mass."
1804.03568,"Results of a search for gluino pair production with subsequent R-parity-violating decays to quarks are presented. This search uses 36.1 fb$^{-1}$ of data collected by the ATLAS detector in proton-proton collisions with a center-of-mass energy of $\sqrt{s} = 13$ TeV at the LHC. The analysis is performed using requirements on the number of jets and the number of jets tagged as containing a $b$-hadron as well as a topological observable formed by the scalar sum of masses of large-radius jets in the event. No significant excess above the expected Standard Model background is observed. Limits are set on the production of gluinos in models with the R-parity-violating decays of either the gluino itself (direct decay) or the neutralino produced in the R-parity-conserving gluino decay (cascade decay). In the gluino cascade decay model, gluinos with masses below 1850 GeV are excluded for 1000 GeV neutralino mass. For the gluino direct decay model, the 95% confidence level upper limit on the cross section times branching ratio varies between 0.80 fb at $m_{\tilde{g}}$ = 900 GeV and 0.011 fb at $m_{\tilde{g}}$ = 1800 GeV."
2004.01678,"A search for Higgs boson decays into a $Z$ boson and a light resonance in two-lepton plus jet events is performed, using a $pp$ collision dataset with an integrated luminosity of 139 fb$^{-1}$ collected at $\sqrt{s}=13$ TeV by the ATLAS experiment at the CERN LHC. The resonance considered is a light boson with a mass below 4 GeV from a possible extended scalar sector, or a charmonium state. Multivariate discriminants are used for the event selection and for evaluating the mass of the light resonance. No excess of events above the expected background is found. Observed (expected) 95$\% $ confidence-level upper limits are set on the Higgs boson production cross section times branching fraction to a $Z$ boson and the signal resonance, with values in the range 17 pb to 340 pb ($16^{+6}_{-5}$ pb to $320^{+130}_{-90}$ pb) for the different light spin-0 boson mass and branching fraction hypotheses, and with values of 110 pb and 100 pb ($100^{+40}_{-30}$ pb and $100^{+40}_{-30}$ pb) for the $η_c$ and $J/ψ$ hypotheses, respectively."
2411.16361,"A search for decays of the Higgs boson into a $Z$ boson and a light resonance, with a mass of 0.5-3.5 GeV, is performed using the full 140 fb$^{-1}$ dataset of 13 TeV proton-proton collisions recorded by the ATLAS detector during Run 2 of the LHC. Leptonic decays of the $Z$ boson and hadronic decays of the light resonance are considered. The resonance can be interpreted as a $J/ψ$ or $η_c$ meson, an axion-like particle, or a light pseudoscalar in two-Higgs-doublet models. Due to its low mass, it would be produced with high boost and reconstructed as a single small-radius jet of hadrons. A neural network is used to correct the Monte Carlo simulation of the background in a data-driven way. Two additional neural networks are used to distinguish signal from background. A binned profile-likelihood fit is performed on the final-state invariant mass distribution. No significant excess of events relative to the expected background is observed, and upper limits at 95% confidence level are set on the Higgs boson's branching fraction to a $Z$ boson and a light resonance. The exclusion limit is ~10% for the lower masses, and increases for higher masses. Upper limits on the effective coupling $C^\text{eff}_{ZH}/Λ$ of an axion-like particle to a Higgs boson and $Z$ boson are also set at 95% confidence level, and range from 0.9 to 2 TeV$^{-1}$."
2002.11325,"A search for dijet resonances in events with at least one isolated charged lepton is performed using $139~{\text{fb}}^{-1}$ of $\sqrt{s}=13$ TeV proton-proton collision data recorded by the ATLAS detector at the LHC. The dijet invariant-mass ($m_{jj}$) distribution constructed from events with at least one isolated electron or muon is searched in the region $0.22 &lt; m_{jj} &lt; 6.3$ TeV for excesses above a smoothly falling background from Standard Model processes. Triggering based on the presence of a lepton in the event reduces limitations imposed by minimum transverse momentum thresholds for triggering on jets. This approach allows smaller dijet invariant masses to be probed than in inclusive dijet searches, targeting a variety of new-physics models, for example ones in which a new state is produced in association with a leptonically decaying $W$ or $Z$ boson. No statistically significant deviation from the Standard Model background hypothesis is found. Limits on contributions from generic Gaussian signals with widths ranging from that determined by the detector resolution up to 15% of the resonance mass are obtained for dijet invariant masses ranging from 0.25 TeV to 6 TeV. Limits are set also in the context of several scenarios beyond the Standard Model, such as the Sequential Standard Model, a technicolor model, a charged Higgs boson model and a simplified Dark Matter model."
2311.03944,"This paper presents a search for a new $Z^\prime$ resonance decaying into a pair of dark quarks which hadronise into dark hadrons before promptly decaying back as Standard Model particles. This analysis is based on proton-proton collision data recorded at $\sqrt{s}=13$ TeV with the ATLAS detector at the Large Hadron Collider between 2015 and 2018, corresponding to an integrated luminosity of 139 fb$^{-1}$. After selecting events containing large-radius jets with high track multiplicity, the invariant mass distribution of the two highest-transverse-momentum jets is scanned to look for an excess above a data-driven estimate of the Standard Model multijet background. No significant excess of events is observed and the results are thus used to set 95 % confidence-level upper limits on the production cross-section times branching ratio of the $Z^\prime$ to dark quarks as a function of the $Z^\prime$ mass for various dark-quark scenarios."
2408.00049,"Many extensions of the Standard Model, including those with dark matter particles, propose new mediator particles that decay into hadrons. This paper presents a search for such low mass narrow resonances decaying into hadrons using 140 fb$^{-1}$ of proton-proton collision data recorded with the ATLAS detector at a centre-of-mass energy of 13 TeV. The resonances are searched for in the invariant mass spectrum of large-radius jets with two-pronged substructure that are recoiling against an energetic photon from initial state radiation, which is used as a trigger to circumvent limitations on the maximum data recording rate. This technique enables the search for boosted hadronically decaying resonances in the mass range 20-100 GeV hitherto unprobed by the ATLAS Collaboration. The observed data are found to agree with Standard Model predictions and 95% confidence level upper limits are set on the coupling of a hypothetical new spin-1 $Z'$ resonance with Standard Model quarks as a function of the assumed $Z'$-boson mass in the range between 20 and 200 GeV."
1202.1414,"A search for the Standard Model Higgs boson is performed in the diphoton decay channel. The data used corresponds to an integrated luminosity of 4.9 fb-1 collected with the ATLAS detector at the Large Hadron Collider in proton-proton collisions at a center-of-mass energy of sqrt(s) = 7 TeV. In the diphoton mass range 110-150 GeV, the largest excess with respect to the background-only hypothesis is observed at 126.5 GeV, with a local significance of 2.8 standard deviations. Taking the look-elsewhere effect into account in the range 110-150 GeV, this significance becomes 1.5 standard deviations. The Standard Model Higgs boson is excluded at 95% confidence level in the mass ranges of 113-115 GeV and 134.5-136 GeV."
1205.0701,"A search for a fermiophobic Higgs boson using diphoton events produced in proton-proton collisions at a centre-of-mass energy of sqrt(s) = 7 TeV is performed using data corresponding to an integrated luminosity of 4.9/fb collected by the ATLAS experiment at the Large Hadron Collider. A specific benchmark model is considered where all the fermion couplings to the Higgs boson are set to zero and the bosonic couplings are kept at the Standard Model values (fermiophobic Higgs model). The largest excess with respect to the background-only hypothesis is found at 125.5 GeV, with a local significance of 2.9 standard deviations, which reduces to 1.6 standard deviations when taking into account the look-elsewhere effect. The data exclude the fermiophobic Higgs model in the ranges 110.0 - 118.0 GeV and 119.5 - 121.0 GeV at 95% confidence level."
1407.6583,"A search for scalar particles decaying via narrow resonances into two photons in the mass range $65-600$ GeV is performed using 20.3 fb$^{-1}$ of $\sqrt{s}$ = 8 TeV $pp$ collision data collected with the ATLAS detector at the Large Hadron Collider. The recently discovered Higgs boson is treated as a background. No significant evidence for an additional signal is observed. The results are presented as limits at the 95 % confidence level on the production cross-section of a scalar boson times branching ratio into two photons, in a fiducial volume where the reconstruction efficiency is approximately independent of the event topology. The upper limits set extend over a considerably wider mass range than previous searches."
1504.05511,"This article describes a search for high-mass resonances decaying to a pair of photons using a sample of $20.3$ fb$^{-1}$ of $pp$ collisions at $\sqrt{s}=8$ TeV recorded with the ATLAS detector at the Large Hadron Collider. The data are found to be in agreement with the Standard Model prediction, and limits are reported in the framework of the Randall-Sundrum model. This theory leads to the prediction of graviton states, the lightest of which could be observed at the Large Hadron Collider. A lower limit of $2.66$ ($1.41$) TeV at 95% confidence level is set on the mass of the lightest graviton for couplings of $k/\overline{M}_{\mathrm{Pl}} = 0.1$ ($0.01$)."
1606.03833,"Searches for new resonances decaying into two photons in the ATLAS experiment at the CERN Large Hadron Collider are described. The analysis is based on proton--proton collision data corresponding to an integrated luminosity of 3.2 fb$^{-1}$ at $\sqrt{s} = 13$ TeV recorded in 2015. Two searches are performed, one targeted at a spin-2 particle of mass larger than 500 GeV, using Randall--Sundrum graviton states as a benchmark model, and one optimized for a spin-0 particle of mass larger than 200 GeV. Varying both the mass and the decay width, the most significant deviation from the background-only hypothesis is observed at a diphoton invariant mass around 750 GeV with local significances of 3.8 and 3.9 standard deviations in the searches optimized for a spin-2 and spin-0 particle, respectively. The global significances are estimated to be 2.1 standard deviations for both analyses. The consistency between the data collected at 13 TeV and 8 TeV is also evaluated. Limits on the production cross section times branching ratio to two photons for the two resonance types are reported."
1707.04147,"Searches for new phenomena in high-mass diphoton final states with the ATLAS experiment at the LHC are presented. The analysis is based on $pp$ collision data corresponding to an integrated luminosity of 36.7 fb$^{-1}$ at a centre-of-mass energy $\sqrt{s}=13$ TeV recorded in 2015 and 2016. Searches are performed for resonances with spin 0, as predicted by theories with an extended Higgs sector, and for resonances with spin 2, using a warped extra-dimension model as a benchmark model, as well as for non-resonant signals, assuming a large extra-dimension scenario. No significant deviation from the Standard Model is observed. Upper limits are placed on the production cross section times branching ratio to two photons as a function of the resonance mass. In addition, lower limits are set on the ultraviolet cutoff scale in the large extra-dimensions model."
2102.13405,"Searches for new resonances in the diphoton final state, with spin 0 as predicted by theories with an extended Higgs sector and with spin 2 using a warped extra-dimension benchmark model, are presented using 139 fb$^{-1}$ of $\sqrt{s} = $ 13 TeV $pp$ collision data collected by the ATLAS experiment at the LHC. No significant deviation from the Standard Model is observed and upper limits are placed on the production cross-section times branching ratio to two photons as a function of the resonance mass."
2211.04172,"A search for diphoton resonances in the mass range between 10 and 70 GeV with the ATLAS experiment at the Large Hadron Collider (LHC) is presented. The analysis is based on $pp$ collision data corresponding to an integrated luminosity of 138 fb$^{-1}$ at a centre-of-mass energy of 13 TeV recorded from 2015 to 2018. Previous searches for diphoton resonances at the LHC have explored masses down to 65 GeV, finding no evidence of new particles. This search exploits the particular kinematics of events with pairs of closely spaced photons reconstructed in the detector, allowing examination of invariant masses down to 10 GeV. The presented strategy covers a region previously unexplored at hadron colliders because of the experimental challenges of recording low-energy photons and estimating the backgrounds. No significant excess is observed and the reported limits provide the strongest bound on promptly decaying axion-like particles coupling to gluons and photons for masses between 10 and 70 GeV."
2407.07546,"A search is performed for light, spin-0 bosons decaying into two photons in the 66 to 110 GeV mass range, using 140 fb$^{-1}$ of proton-proton collisions at $\sqrt{s}=13$ TeV produced by the Large Hadron Collider and collected by the ATLAS detector. Multivariate analysis techniques are used to define event categories that improve the sensitivity to new resonances beyond the Standard Model. A model-independent search for a generic spin-0 particle and a model-dependent search for an additional low-mass Higgs boson are performed in the diphoton invariant mass spectrum. No significant excess is observed in either search. Mass-dependent upper limits at the $95\%$ confidence level are set in the model-independent scenario on the fiducial cross-section times branching ratio into two photons in the range of 8 fb to 53 fb. Similarly, in the model-dependent scenario upper limits are set on the total cross-section times branching ratio into two photons as a function of the Higgs boson mass in the range of 19 fb to 102 fb."
1112.2194,"Using data recorded in 2011 with the ATLAS detector at the Large Hadron Collider, a search for evidence of extra spatial dimensions has been performed through an analysis of the diphoton final state. The analysis uses data corresponding to an integrated luminosity of 2.12 fb^-1 of sqrt(s) = 7 TeV proton-proton collisions. The diphoton invariant mass spectrum is observed to be in good agreement with the expected Standard Model background. In the large extra dimension scenario of Arkani-Hamed, Dimopoulos and Dvali, the results provide 95% CL lower limits on the fundamental Planck scale between 2.27 and 3.53 TeV, depending on the number of extra dimensions and the theoretical formalism used. The results also set 95% CL lower limits on the lightest Randall-Sundrum graviton mass of between 0.79 and 1.85 TeV, for values of the dimensionless coupling k/\bar{M}_{Pl} varying from 0.01 to 0.1. Combining with previously published ATLAS results from the dielectron and dimuon final states, the 95% CL lower limit on the Randall-Sundrum graviton mass for k/\bar{M}_{Pl} = 0.01 (0.1) is 0.80 (1.95) TeV."
1210.8389,"The large difference between the Planck scale and the electroweak scale, known as the hierarchy problem, is addressed in certain models through the postulate of extra spatial dimensions. A search for evidence of extra spatial dimensions in the diphoton channel has been performed using the full set of proton-proton collisions at sqrt(s) = 7 TeV recorded in 2011 with the ATLAS detector at the CERN Large Hadron Collider. This dataset corresponds to an integrated luminosity of 4.9 fb. The diphoton invariant mass spectrum is observed to be in good agreement with the Standard Model expectation. In the context of the model proposed by Arkani-Hamed, Dimopoulos and Dvali, 95% confidence level lower limits of between 2.52 TeV and 3.92 TeV are set on the ultraviolet cutoff scale Ms depending on the number of extra dimensions and the theoretical formalism used. In the context of the Randall--Sundrum model, a lower limit of 2.06 (1.00) TeV at 95% confidence level is set on the mass of the lightest graviton for couplings of k/Mpl = 0.1 (0.01). Combining with the ATLAS dilepton searches based on the 2011 data, the 95% confidence level lower limit on the Randall--Sundrum graviton mass is further tightened to 2.23 (1.03) TeV for k/Mpl = 0.1 (0.01)."
1808.10515,"Results of a search for the pair production of photon-jets$-$collimated groupings of photons$-$in the ATLAS detector at the Large Hadron Collider are reported. Highly collimated photon-jets can arise from the decay of new, highly boosted particles that can decay to multiple photons collimated enough to be identified in the electromagnetic calorimeter as a single, photonlike energy cluster. Data from proton-proton collisions at a center-of-mass energy of 13 TeV, corresponding to an integrated luminosity of 36.7 fb$^{-1}$, were collected in 2015 and 2016. Candidate photon-jet pair production events are selected from those containing two reconstructed photons using a set of identification criteria much less stringent than that typically used for the selection of photons, with additional criteria applied to provide improved sensitivity to photon-jets. Narrow excesses in the reconstructed diphoton mass spectra are searched for. The observed mass spectra are consistent with the Standard Model background expectation. The results are interpreted in the context of a model containing a new, high-mass scalar particle with narrow width, $X$, that decays into pairs of photon-jets via new, light particles, $a$. Upper limits are placed on the cross section times the product of branching ratios $σ\times \mathcal{B}(X \rightarrow aa) \times \mathcal {B}(a \rightarrow γγ)^{2}$ for 200 GeV $&lt; m_{X} &lt;$ 2 TeV and for ranges of $ m_a $ from a lower mass of 100 MeV up to between 2 and 10 GeV, depending upon $ m_X $. Upper limits are also placed on $σ\times \mathcal{B}(X \rightarrow aa) \times \mathcal {B}(a \rightarrow 3π^{0})^{2}$ for the same range of $ m_X $ and for ranges of $ m_a $ from a lower mass of 500 MeV up to between 2 and 10 GeV."
2304.10953,"A search for forward proton scattering in association with light-by-light scattering mediated by an axion-like particle is presented, using the ATLAS Forward Proton spectrometer to detect scattered protons and the central ATLAS detector to detect pairs of outgoing photons. Proton-proton collision data recorded in 2017 at a centre-of-mass energy of $\sqrt{s} = 13$ TeV were analysed, corresponding to an integrated luminosity of 14.6 fb$^{-1}$. A total of 441 candidate signal events were selected. A search was made for a narrow resonance in the diphoton mass distribution, corresponding to an axion-like particle (ALP) with mass in the range 150-1600 GeV. No excess is observed above a smooth background. Upper limits on the production cross section of a narrow resonance are set as a function of the mass, and are interpreted as upper limits on the ALP production coupling constant, assuming 100% decay branching ratio into a photon pair. The inferred upper limit on the coupling constant is in the range 0.04-0.09 TeV$^{-1}$ at 95%confidence level."
1509.05051,"Results of a search for new phenomena in events with at least three photons are reported. Data from proton--proton collisions at a centre-of-mass energy of 8 TeV, corresponding to an integrated luminosity of 20.3 fb$^{-1}$, were collected with the ATLAS detector at the LHC. The observed data are well described by the Standard Model. Limits at the 95% confidence level on new phenomena are presented based on the rate of events in an inclusive signal region and a restricted signal region targeting the rare decay $Z\to 3γ$, as well as di-photon and tri-photon resonance searches. For a Standard Model Higgs boson decaying to four photons via a pair of intermediate pseudoscalar particles ($a$), limits are found to be $σ\times {\text {BR}}(h \rightarrow aa) \times {\text {BR}}(a \rightarrow γγ)^{2} &lt; 10^{-3} σ_{\text{SM}}$ for 10 GeV $&lt; m_{a} &lt;$ 62 GeV. Limits are also presented for Higgs boson-like scalars ($H$) for $m_{H} &gt; $ 125 GeV, and for a $Z'$ decaying to three photons via $Z' \rightarrow a+γ\rightarrow 3γ$. Additionally, the observed limit on the branching ratio of the $Z$ boson decay to three photons is found to be BR$(Z \rightarrow 3γ) &lt; 2.2 \times 10^{-6}$, a result five times stronger than the previous result from LEP."
2312.01942,"A search for the decay of the Higgs boson to a $Z$ boson and a light, pseudoscalar particle, $a$, decaying respectively to two leptons and to two photons is reported. The search uses the full LHC Run 2 proton-proton collision data at $\sqrt{s}=13$ TeV, corresponding to 139 fb$^{-1}$ collected by the ATLAS detector. This is one of the first searches for this specific decay mode of the Higgs boson, and it probes unexplored parameter space in models with axion-like particles (ALPs) and extended scalar sectors. The mass of the $a$ particle is assumed to be in the range 0.1-33 GeV. The data are analysed in two categories: a merged category where the photons from the $a$ decay are reconstructed in the ATLAS calorimeter as a single cluster, and a resolved category in which two separate photons are detected. The main background processes are from Standard Model $Z$ boson production in association with photons or jets. The data are in agreement with the background predictions, and upper limits on the branching ratio of the Higgs boson decay to $Za$ times the branching ratio $a\toγγ$ are derived at the 95% confidence level and they range from 0.08% to 2% depending on the mass of the $a$ particle. The results are also interpreted in the context of ALP models."
1107.5003,"A search for neutral Higgs bosons decaying to pairs of tau leptons with the ATLAS detector at the LHC is presented. The analysis is based on proton-proton collisions at a center-of-mass energy of 7 TeV, recorded in 2010 and corresponding to an integrated luminosity of 36 pb^-1. After signal selection, 276 events are observed in this data sample. The observed number of events is consistent with the total expected background of 269 +/- 36 events. Exclusion limits at the 95% confidence level are derived for the production cross section of a generic Higgs boson phi as a function of the Higgs boson mass and for A/H/h production in the Minimal Supersymmetric Standard Model (MSSM) as a function of the parameters m_A and tan(beta)."
1210.6604,"This Letter presents a search for high-mass resonances decaying into tau+tau- final states using proton-proton collisions at sqrt(s) = 7 TeV produced by the Large Hadron Collider. The data were recorded with the ATLAS detector and correspond to an integrated luminosity of 4.6 inverse femtobarns. No statistically significant excess above the Standard Model expectation is observed; 95% credibility upper limits are set on the cross section times branching fraction of Z' resonances decaying into tau+tau- pairs as a function of the resonance mass. As a result, Z' bosons of the Sequential Standard Model with masses less than 1.40 TeV are excluded at 95% credibility."
1211.6956,"A search for neutral Higgs bosons of the Minimal Supersymmetric Standard Model (MSSM) is reported. The analysis is based on a sample of proton-proton collisions at a centre-of-mass energy of 7 TeV recorded with the ATLAS detector at the Large Hadron Collider. The data were recorded in 2011 and correspond to an integrated luminosity of 4.7 fb-1 to 4.8 fb-1. Higgs boson decays into oppositely-charged muon or tau lepton pairs are considered for final states requiring either the presence or absence of b-jets. No statistically significant excess over the expected background is observed and exclusion limits at the 95% confidence level are derived. The exclusion limits are for the production cross-section of a generic neutral Higgs boson, phi, as a function of the Higgs boson mass and for h/H/A production in the MSSM as a function of the parameters mA and tanbeta in the mh-max scenario for mA in the range of 90 GeV to 500 GeV."
1409.6064,"A search for the neutral Higgs bosons predicted by the Minimal Supersymmetric Standard Model (MSSM) is reported. The analysis is performed on data from proton-proton collisions at a centre-of-mass energy of 8 TeV collected with the ATLAS detector at the Large Hadron Collider. The samples used for this search were collected in 2012 and correspond to integrated luminosities in the range 19.5 - 20.3 fb$^{-1}$. The MSSM Higgs bosons are searched for in the $ττ$ final state. No significant excess over the expected background is observed, and exclusion limits are derived for the production cross section times branching fraction of a scalar particle as a function of its mass. The results are also interpreted in the MSSM parameter space for various benchmark scenarios."
1502.07177,"A search for high-mass resonances decaying into $τ^{+}τ^{-}$ final states using proton-proton collisions at $\sqrt{s}= 8$ TeV produced by the Large Hadron Collider is presented. The data were recorded with the ATLAS detector and correspond to an integrated luminosity of 19.5-20.3 fb$^{-1}$. No statistically significant excess above the Standard Model expectation is observed; 95% credibility upper limits are set on the cross section times branching fraction of $Z^{\prime}$ resonances decaying into $τ^+τ^-$ pairs as a function of the resonance mass. As a result, $Z^{\prime}$ bosons of the Sequential Standard Model with masses less than 2.02 TeV are excluded at 95% credibility. The impact of the fermionic couplings on the $Z^{\prime}$ acceptance is investigated and limits are also placed on a $Z^{\prime}$ model that exhibits enhanced couplings to third-generation fermions."
1608.00890,"A search for neutral Higgs bosons of the Minimal Supersymmetric Standard Model (MSSM) and for a heavy neutral $Z^{\prime}$ boson is performed using a data sample corresponding to an integrated luminosity of 3.2 fb$^{-1}$ from proton--proton collisions at $\sqrt{s} = 13$ TeV recorded by the ATLAS detector at the LHC. The heavy resonance is assumed to decay to a $τ^+ τ^-$ pair with at least one $τ$ lepton decaying to final states with hadrons and a neutrino. The search is performed in the mass range of 0.2--1.2 TeV for the MSSM neutral Higgs bosons and 0.5--2.5 TeV for the heavy neutral $Z^{\prime}$ boson. The data are in good agreement with the background predicted by the Standard Model and hence results are given as upper limits on the production cross section times branching fraction of the boson decay to $τ^+τ^-$ as a function of the boson mass. The results are interpreted in MSSM and $Z^{\prime}$ benchmark scenarios. The most stringent MSSM parameter space constraints for the Higgs boson search exclude at 95\% confidence level (CL) $\tanβ&gt; 7.6$ for $m_A = 200$ GeV in the $m_{h}^{\textrm{mod+}}$ MSSM scenario. This analysis extends the MSSM limits from previous searches for the mass range $m_A &gt; 500$ GeV. For the Sequential Standard Model, a $Z^{\prime}_\mathrm{SSM}$ mass up to 1.90 TeV is excluded at 95% CL and masses up to 1.82--2.17 TeV are excluded for a $Z^{\prime}_{\mathrm{SFM}}$ of the Strong Flavour Model."
1709.07242,"A search for heavy neutral Higgs bosons and $Z^{\prime}$ bosons is performed using a data sample corresponding to an integrated luminosity of 36.1 fb$^{-1}$ from proton-proton collisions at $\sqrt{s}$ = 13 TeV recorded by the ATLAS detector at the LHC during 2015 and 2016. The heavy resonance is assumed to decay to $τ^+τ^-$ with at least one tau lepton decaying to final states with hadrons and a neutrino. The search is performed in the mass range of 0.2-2.25 TeV for Higgs bosons and 0.2-4.0 TeV for $Z^{\prime}$ bosons. The data are in good agreement with the background predicted by the Standard Model. The results are interpreted in benchmark scenarios. In the context of the hMSSM scenario, the data exclude $\tanβ&gt; 1.0$ for $m_A$ = 0.25 TeV and $\tanβ&gt; 42$ for $m_A$ = 1.5 TeV at the 95% confidence level. For the Sequential Standard Model, $Z^{\prime}_\mathrm{SSM}$ with $m_{Z^{\prime}} &lt; 2.42$ TeV is excluded at 95% confidence level, while $Z^{\prime}_\mathrm{NU}$ with $m_{Z^{\prime}} &lt; 2.25$ TeV is excluded for the non-universal $G(221)$ model that exhibits enhanced couplings to third-generation fermions."
2002.12223,"A search for heavy neutral Higgs bosons is performed using the LHC Run 2 data, corresponding to an integrated luminosity of 139 fb$^{-1}$ of proton-proton collisions at $\sqrt{s}=13$ TeV recorded with the ATLAS detector. The search for heavy resonances is performed over the mass range 0.2-2.5 TeV for the $τ^+τ^-$ decay with at least one $τ$-lepton decaying into final states with hadrons. The data are in good agreement with the background prediction of the Standard Model. In the $M_{h}^{125}$ scenario of the Minimal Supersymmetric Standard Model, values of $\tanβ&gt;8$ and $\tanβ&gt;21$ are excluded at the 95% confidence level for neutral Higgs boson masses of 1.0 TeV and 1.5 TeV, respectively, where $\tanβ$ is the ratio of the vacuum expectation values of the two Higgs doublets."
2409.20381,"This paper reports a search for a light CP-odd scalar resonance with a mass of 20 GeV to 90 GeV in 13 TeV proton-proton collision data with an integrated luminosity of 140 fb$^{-1}$ collected with the ATLAS detector at the Large Hadron Collider. The analysis assumes the resonance is produced via gluon-gluon fusion and decays into a $τ^{+}τ^{-}$ pair which subsequently decays into a fully leptonic $μ^{+}ν_μ \barν_τ e^{-} \barν_{e} ν_τ$ or $e^{+}ν_{e}\barν_τ μ^-\barν_μν_τ$ final state. No significant excess of events above the predicted Standard Model background is observed. The results are interpreted within a flavour-aligned two-Higgs-doublet model, and a model-independent cross-section interpretation is also given. Upper limits at 95$%$ confidence level between 3.0 pb and 68 pb are set on the cross-section for producing a CP-odd Higgs boson that decays into a $τ^+τ^-$ pair."
2607.28484,"A search for a Lorentz-boosted pseudoscalar resonance $a$ in the mass range between 20 GeV and 85 GeV, produced in association with a top-antitop quark pair and decaying into a $τ$-lepton pair, is presented. Both $τ$-leptons are reconstructed in the hadronic decay mode. The boosted production of $a$ results in a small angular separation between its decay products, requiring the use of dedicated boosted di-$τ$ objects with custom reconstruction, energy calibration, and identification procedures. The analysis uses proton-proton collision data at a centre-of-mass-energy of $\sqrt{s}=13$ TeV collected with the ATLAS detector at the Large Hadron Collider, corresponding to an integrated luminosity of 140 fb$^{-1}$. No significant deviation is observed over the expected Standard Model background, and a model independent upper limit of 0.19 fb is placed at the 95% confidence level on the visible cross-section. Limits on $σ(t\bar{t}a) \times BR(a \to ττ)$ are also obtained for a Two-Higgs-Doublet Model signal scenario, ranging from 0.4 pb at $m_a=20$ GeV to 0.05 pb at $m_a=85$ GeV."
1103.6218,"This article presents a search for high mass e e or mu mu resonances in pp collisions at sqrt{s} = 7 TeV at the LHC. The data were recorded by the ATLAS experiment during 2010 and correspond to a total integrated luminosity of ~40/pb. No statistically significant excess above the Standard Model expectation is observed in the search region of dilepton invariant mass above 110 GeV. Upper limits at the 95% confidence level are set on the cross section times branching ratio of Z' resonances decaying to dielectrons and dimuons as a function of the resonance mass. A lower mass limit of 1.048 TeV on the Sequential Standard Model Z' boson is derived, as well as mass limits on Z* and E(6)-motivated Z' models."
1108.1582,This Letter reports on a search for narrow high-mass resonances decaying into dilepton final states. The data were recorded by the ATLAS experiment in pp collisions at sqrt(s) = 7 TeV at the LHC and correspond to a total integrated luminosity of 1.08/fb (1.21/fb) in the ee (mumu) channel. No statistically significant excess above the Standard Model expectation is observed and upper limits are set at the 95% C.L. on the cross section times branching ratio of Z' resonances and Randall-Sundrum gravitons decaying into dileptons as a function of the resonance mass. A lower mass limit of 1.83 TeV on the Sequential Standard Model Z' boson is set. A Randall-Sundrum graviton with coupling k/M_Pl=0.1 is excluded at 95% C.L. for masses below 1.63 TeV.
1209.2535,"The ATLAS detector at the Large Hadron Collider is used to search for high-mass resonances decaying to an electron-positron pair or a muon-antimuon pair. The search is sensitive to heavy neutral Z' gauge bosons, Randall-Sundrum gravitons, Z* bosons, techni-mesons, Kaluza-Klein Z/gamma bosons, and bosons predicted by Torsion models. Results are presented based on an analysis of pp collisions at a center-of-mass energy of 7 TeV corresponding to an integrated luminosity of 4.9/fb in the dielectron channel and 5.0/fb in the dimuon channel. A Z' boson with Standard Model-like couplings is excluded at 95 percent confidence level for masses below 2.22 TeV. A Randall-Sundrum graviton with coupling k/Mbar = 0.1 is excluded at 95 percent confidence level for masses below 2.16 TeV. Limits on the other models are also presented, including Technicolor and Minimal Z' Models."
1405.4123,"The ATLAS detector at the Large Hadron Collider is used to search for high-mass resonances decaying to dielectron or dimuon final states. Results are presented from an analysis of proton-proton (pp) collisions at a center-of-mass energy of 8 TeV corresponding to an integrated luminosity of 20.3 fb-1 in the dielectron channel and 20.5 fb-1 in the dimuon channel. A narrow resonance with Standard Model Z couplings to fermions is excluded at 95% confidence level for masses less than 2.79 TeV in the dielectron channel, 2.53 TeV in the dimuon channel, and 2.90 TeV in the two channels combined. Limits on other model interpretations are also presented, including a grand-unification model based on the E6 gauge group, Z* bosons, Minimal Z' Models, a spin-2 graviton excitation from Randall-Sundrum models, quantum black holes and a Minimal Walking Technicolor model with a composite Higgs boson."
1607.03669,"A search is conducted for both resonant and non-resonant high-mass new phenomena in dielectron and dimuon final states. The search uses 3.2 fb$^{-1}$ of proton-proton collision data, collected at $\sqrt{s} = 13$ TeV by the ATLAS experiment at the LHC in 2015. The dilepton invariant mass is used as the discriminating variable. No significant deviation from the Standard Model prediction is observed; therefore limits are set on the signal model parameters of interest at 95% credibility level. Upper limits are set on the cross-section times branching ratio for resonances decaying to dileptons, and the limits are converted into lower limits on the resonance mass, ranging between 2.74 TeV and 3.36 TeV, depending on the model. Lower limits on the $\ell\ell qq$ contact interaction scale are set between 16.7 TeV and 25.2 TeV, also depending on the model."
1707.02424,"A search is conducted for new resonant and non-resonant high-mass phenomena in dielectron and dimuon final states. The search uses 36.1 fb$^{-1}$ of proton-proton collision data, collected at $\sqrt{s}$ = 13 TeV by the ATLAS experiment at the LHC in 2015 and 2016. No significant deviation from the Standard Model prediction is observed. Upper limits at 95% credibility level are set on the cross-section times branching ratio for resonances decaying into dileptons, which are converted to lower limits on the resonance mass, up to 4.1 for the E$_{6}$-motivated Z'$_χ$. Lower limits on the $qq \ell\ell$ contact interaction scale are set between 24 TeV and 40 TeV, depending on the model."
1903.06248,"A search for high-mass dielectron and dimuon resonances in the mass range of 250 GeV to 6 TeV is presented. The data were recorded by the ATLAS experiment in proton-proton collisions at a centre-of-mass energy of $\sqrt{s}=$13 TeV during Run 2 of the Large Hadron Collider and correspond to an integrated luminosity of 139 fb$^{-1}$. A functional form is fitted to the dilepton invariant-mass distribution to model the contribution from background processes, and a generic signal shape is used to determine the significance of observed deviations from this background estimate. No significant deviation is observed and upper limits are placed at the 95% confidence level on the fiducial cross-section times branching ratio for various resonance width hypotheses. The derived limits are shown to be applicable to spin-0, spin-1 and spin-2 signal hypotheses. For a set of benchmark models, the limits are converted into lower limits on the resonance mass and reach 4.5 TeV for the E6-motivated $Z^\prime_ψ$ boson. Also presented are limits on Heavy Vector Triplet model couplings."
2105.13847,"A search for new phenomena is presented in final states with two leptons and one or no $b$-tagged jets. The event selection requires the two leptons to have opposite charge, the same flavor (electrons or muons), and a large invariant mass. The analysis is based on the full Run-2 proton-proton collision dataset recorded at a center-of-mass energy of $\sqrt{s} = 13$ TeV by the ATLAS experiment at the LHC, corresponding to an integrated luminosity of 139 fb$^{-1}$. No significant deviation from the expected background is observed in the data. A four-fermion contact interaction between two quarks ($b,s$) and two leptons ($ee$ or $μμ$), inspired by the $B$-meson decay anomalies, is used as a benchmark signal model. This model is characterized by the energy scale and coupling, $Λ$ and $g_*$ respectively. Contact interactions with $Λ/ g_*$ lower than 2.0 (2.4) TeV are excluded for electrons (muons) at the 95% confidence level, still far below the value which is favored by the $B$-meson decay anomalies. In addition, model-independent limits are set as a function of the selection on the dilepton invariant mass, which allows the results to be reinterpreted in other signal scenarios."
2607.28334,"A search for spin-1 $ee$ and $μμ$ resonances in the high-mass range is presented. Two proton-proton ($pp$) collision datasets recorded by the ATLAS detector at CERN's Large Hadron Collider are utilised. A search is first performed using a dataset recorded at a center-of-mass energy of 13.6 TeV between 2022 and 2024, corresponding to an integrated luminosity of 165 fb$^{-1}$. The results of this search are subsequently statistically combined with results using 140 fb$^{-1}$ of data recorded between 2015 and 2018 at 13 TeV. The dilepton invariant mass spectrum is fitted with a functional form to model the contribution from Standard Model background processes. A generic spin-1 signal shape is used to determine the significance of observed deviations from the background expectation. No significant deviation is observed, therefore upper limits are placed at the 95% confidence level on the fiducial cross-section times branching ratio for a spin-1 resonance with various width hypotheses, individually for $ee$, $μμ$ final states and for their combination. From the combined 13 TeV and 13.6 TeV results, mass limits are extracted for various benchmark model bosons, including a $Z^{\prime}_{\text{SSM}}$ (5.5 TeV), $Z^{\prime}_χ$ (5.1 TeV) and $Z^{\prime}_ψ$ (4.8 TeV). These results represent the most stringent limits to date on high-mass dilepton resonances on the considered $Z'$ models."
1103.5559,"This Letter presents the first search for a heavy particle decaying into an eμfinal state in sqrt(s)=7 TeV pp collisions at the LHC. The data were recorded by the ATLAS detector during 2010 and correspond to a total integrated luminosity of 35/pb. No excess above the Standard Model background expectation is observed. Exclusions at 95% confidence level are placed on two representative models. In an R-parity violating supersymmetric model, tau sneutrinos with a mass below 0.75 TeV are excluded, assuming single coupling dominance and the couplings lambda'_{311}=0.11, lambda_{312}=0.07. In a lepton flavor violating model, a Z'-like vector boson with masses of 0.70 to 1.00 TeV and corresponding cross sections times branching ratios of 0.175 to 0.183 pb is excluded. These results extend to higher mass RPV sneutrinos and LFV Z's than previous constraints from the Tevatron."
1109.3089,A search is presented for a high mass neutral particle that decays directly to the emu final state. The data sample was recorded by the ATLAS detector in sqrt(s) = 7 TeV pp collisions at the LHC from March to June 2011 and corresponds to an integrated luminosity of 1.07 fb^-1. The data are found to be consistent with the Standard Model background. The high emu mass region is used to set 95% confidence level upper limits on the production of two possible new physics processes: tau sneutrinos in an R-parity violating supersymmetric model and Z'-like vector bosons in a lepton flavor violating model.
1205.0725,"This paper presents a search for the t-channel exchange of an R-parity violating scalar top quark (t) in the emu continuum using 2.1/fb of data collected by the ATLAS detector in sqrt(s) = 7 TeV pp collisions at the Large Hadron Collider. Data are found to be consistent with the expectation from the Standard Model backgrounds. Limits on R-parity-violating couplings at 95% C.L. are calculated as a function of the scalar top mass (m_{t}). The upper limits on the production cross section for pp-&gt;emuX, through the t-channel exchange of a scalar top quark, ranges from 170 fb for m_{t}=95 GeV to 30 fb for m_{t}=1000 GeV."
1212.1272,"This letter presents the results of a search for a heavy particle decaying into an e mu, e tau, or mu tau final state in pp collisions at sqrt(s) = 7 TeV. The data were recorded with the ATLAS detector at the LHC during 2011 and correspond to an integrated luminosity of 4.6/fb. No significant excess above the Standard Model expectation is observed, and exclusions at 95% confidence level are placed on the cross section times branching ratio for the production of an R-parity-violating supersymmetric tau sneutrino. These results considerably extend constraints from Tevatron experiments."
1503.04430,"This Letter presents a search for a heavy neutral particle decaying into an opposite-sign different-flavor dilepton pair, $e^\pm μ^\mp$, $e^\pm τ^\mp$, or $μ^\pm τ^\mp$ using 20.3 fb$^{-1}$ of $pp$ collision data at $\sqrt{s} = 8$ TeV collected by the ATLAS detector at the LHC. The numbers of observed candidate events are compatible with the Standard Model expectations. Limits are set on the cross section of new phenomena in two scenarios: the production of $\tildeν_τ$ in $R$-parity-violating supersymmetric models and the production of a lepton-flavor-violating $Z'$ vector boson."
1607.08079,"A search is performed for a heavy particle decaying into different flavour dilepton pairs ($eμ$, $eτ$ or $μτ$), using 3.2 $fb^{-1}$ of proton-proton collision data at $\sqrt{s}=13$ TeV collected in 2015 by the ATLAS detector at the Large Hadron Collider. No excess over the Standard Model prediction is observed. Limits at the 95% credibility level are set on the mass of a $Z^{\prime}$ boson with lepton-flavour-violating couplings at 3.0, 2.7 and 2.6 TeV, and on the mass of a supersymmetric $τ$ sneutrino with $R$-parity-violating couplings at 2.3, 2.2 and 1.9 TeV, for $eμ$, $eτ$ and $μτ$ final states, respectively. The results are also interpreted as limits on the threshold mass for quantum black hole production."
1807.06573,"A search is performed for a heavy particle decaying into different-flavor, dilepton pairs ($eμ$, $eτ$ or $μτ$), using 36.1 fb$^{-1}$ of proton-proton collision data at $\sqrt{s}=13$ TeV collected in 2015-2016 by the ATLAS detector at the Large Hadron Collider. No excesses over the Standard Model predictions are observed. Bayesian lower limits at the 95% credibility level are placed on the mass of a $Z^{\prime}$ boson, the mass of a supersymmetric $τ$-sneutrino, and on the threshold mass for quantum black-hole production. For the $Z^{\prime}$ and sneutrino models, upper cross-section limits are converted to upper limits on couplings, which are compared with similar limits from low-energy experiments and which are more stringent for the $eτ$ and $μτ$ modes"
2307.08567,"A search is performed for a heavy particle decaying into different-flavour, dilepton final states, using 139 $\mathrm{fb}^{-1}$ of proton-proton collision data at $\sqrt{s}=13$ TeV collected in 2015-2018 by the ATLAS detector at the Large Hadron Collider. Final states with electrons, muons and hadronically decaying tau leptons are considered ($eμ$, $eτ$ or $μτ$). No significant excess over the Standard Model predictions is observed. Upper limits on the production cross-section are set as a function of the mass of a Z' boson, a supersymmetric $τ$-sneutrino, and a quantum black-hole. The observed 95% CL lower mass limits obtained on a typical benchmark model Z' boson are 5.0 TeV (e$μ$), 4.0 TeV (e$τ$), and 3.9 TeV ($μτ$), respectively."
1505.07645,"This paper presents a search for Higgs bosons decaying to four leptons, either electrons or muons, via one or two light exotic gauge bosons $Z_d$, $H\to Z Z_d \to 4\ell$ or $H\to Z_d Z_d \to 4\ell$. The search was performed using $pp$ collision data corresponding to an integrated luminosity of about 20 fb$^{-1}$ at the center-of-mass energy of $\sqrt{s}=8 $TeV recorded with the ATLAS detector at the Large Hadron Collider. The observed data are well described by the Standard Model prediction. Upper bounds on the branching ratio of $H\to Z Z_d \to 4\ell$ and on the kinetic mixing parameter between the $Z_d$ and the Standard Model hypercharge gauge boson are set in the range $(1$--$9)\times10^{-5}$ and $(4$--$17)\times10^{-2}$ respectively, at 95% confidence level assuming the Standard Model branching ratio of $H\to Z Z^* \to 4\ell$, for $Z_d$ masses between 15 and 55 GeV. Upper bounds on the effective mass mixing parameter between the $Z$ and the $Z_d$ are also set using the branching ratio limits in the $H \to ZZ_d\to 4\ell$ search, and are in the range $(1.5$--$8.7)\times 10^{-4}$ for $15&lt;m_{Z_d} &lt; 35$ GeV. Upper bounds on the branching ratio of $H\rightarrow Z_dZ_d \to 4\ell$ and on Higgs portal coupling parameter, controlling the strength of the coupling of the Higgs boson to dark vector bosons, are set in the range $(2$--$3)\times10^{-5}$ and $(1$--$10)\times 10^{-4}$ respectively, at 95% confidence level assuming the Standard Model Higgs boson production cross sections, for $Z_d$ masses between 15 and 60 GeV."
1802.03388,"A search is conducted for a new beyond-the-Standard-Model boson using events where a Higgs boson with mass 125 GeV decays to four leptons ($\ell =$ $e$ or $μ$). This decay is presumed to occur via an intermediate state which contains one or two on-shell, promptly decaying bosons: $H\rightarrow ZX/XX \rightarrow 4\ell$, where $X$ is a new vector boson $Z_d$ or pseudoscalar $a$ with mass between 1 and 60 GeV. The search uses $pp$ collision data collected with the ATLAS detector at the LHC with an integrated luminosity of 36.1 fb$^{-1}$ at a centre-of-mass energy $\sqrt{s}=13$ TeV. No significant excess of events above Standard Model background predictions is observed; therefore, upper limits at 95% confidence level are set on model-independent fiducial cross-sections, and on the Higgs boson decay branching ratios to vector and pseudoscalar bosons in two benchmark models."
2110.13673,"Searches are conducted for new spin-0 or spin-1 bosons using events where a Higgs boson with mass $125$ GeV decays into four leptons ($\ell =$ $e$,$μ$). This decay is presumed to occur via an intermediate state which contains two on-shell, promptly decaying bosons: $H \rightarrow XX/ZX \rightarrow 4\ell$, where the new boson $X$ has a mass between 1 and 60 GeV. The search uses $pp$ collision data collected with the ATLAS detector at the LHC with an integrated luminosity of 139 fb$^{-1}$ at a centre-of-mass energy $\sqrt{s}=13$ TeV. The data are found to be consistent with Standard Model expectations. Limits are set on fiducial cross sections and on the branching ratio of the Higgs boson to decay into $XX/ZX$, improving those from previous publications by a factor between two and four. Limits are also set on mixing parameters relevant in extensions of the Standard Model containing a dark sector where $X$ is interpreted to be a dark boson."
2301.09342,"This paper presents a search for a new Z' vector gauge boson with the ATLAS experiment at the Large Hadron Collider using pp collision data collected at $\sqrt{s} = 13$ TeV, corresponding to an integrated luminosity of 139 fb$^{-1}$. The new gauge boson Z' is predicted by $L_μ-L_τ$ models to address observed phenomena that can not be explained by the Standard Model. The search examines the four-muon (4$μ$) final state, using a deep learning neural network classifier to separate the Z' signal from the Standard Model background events. The di-muon invariant masses in the $4μ$ events are used to extract the Z' resonance signature. No significant excess of events is observed over the predicted background. Upper limits at a 95% confidence level on the Z' production cross-section times the decay branching fraction of $pp \rightarrow Z'μμ\rightarrow 4μ$ are set from 0.31 to 4.3 fb for the Z' mass ranging from 5 to 81 GeV. The corresponding common coupling strengths, $g_{Z'}$, of the Z' boson to the second and third generation leptons above 0.003 - 0.2 have been excluded."
2401.04742,"A search for a new heavy boson produced via gluon-fusion in the four-lepton channel with missing transverse momentum or jets is performed. The search uses proton-proton collision data equivalent to an integrated luminosity of 139 fb$^{-1}$ at a centre-of-mass energy of 13 TeV collected by the ATLAS detector between 2015 and 2018 at the Large Hadron Collider. This study explores the decays of heavy bosons: $R\rightarrow SH$ and $A\rightarrow ZH$, where $R$ is a CP-even boson, $A$ is a CP-odd boson, $H$ is a CP-even boson, and $S$ is considered to decay into invisible particles that are candidates for dark matter. In these processes, $S\rightarrow \textrm{invisible}$ and $H\rightarrow ZZ$. The $Z$ boson associated with the heavy scalar boson $H$ decays into all decay channels of the $Z$ boson. The mass range under consideration is 390-1300 (320-1300) GeV for the $R$ ($A$) boson and 220-1000 GeV for the $H$ boson. No significant deviation from the Standard Model backgrounds is observed. The results are interpreted as upper limits at a 95% confidence level on the cross-section times the branching ratio of the heavy resonances."
2402.15212,"A search for a new $Z'$ gauge boson predicted by $L_μ-L_τ$ models, based on charged-current Drell-Yan production, $pp \rightarrow W^{\pm(*)} \rightarrow Z' μ^{\pm} ν\rightarrow μ^{\pm}μ^{\mp}μ^{\pm}ν$, is presented. The data sample used corresponds to an integrated luminosity of 140 fb$^{-1}$ of proton-proton collisions at $\sqrt{s} = 13$ TeV recorded by the ATLAS detector at the Large Hadron Collider. The search examines a final state of $3μ$ plus large missing transverse momentum. Upper limits are set on the $Z'$ production cross-section times branching ratio in the mass range of 5-81 GeV. After combining with the previous $Z'$ search using the neutral-current Drell-Yan production with a $4μ$ final state, the most stringent exclusion limits to date are achieved in the parameter space of the $Z'$ coupling strength and mass."
1103.1391,"The ATLAS detector is used to search for high-mass states, such as heavy charged gauge bosons (W', W*) decaying to a charged lepton (electron or muon) and a neutrino. Results are presented based on the analysis of pp collisions at a center-of-mass energy of 7 TeV corresponding to an integrated luminosity of 36 pb-1. No excess beyond standard model expectations is observed. A W' with sequential standard model couplings is excluded at 95% confidence level for masses below 1.49 TeV, and a W*(charged chiral boson) for masses below 1.47 TeV."
1108.1316,"The ATLAS detector at the LHC is used to search for high-mass states, such as heavy charged gauge bosons (W'), decaying to a charged lepton (electron or muon) and a neutrino. Results are presented based on the analysis of pp collisions at a center-of-mass energy of 7 TeV corresponding to an integrated luminosity of 1.04 fb^-1. No excess beyond Standard Model expectations is observed. A W' with Sequential Standard Model couplings is excluded at the 95% confidence level for masses up to 2.15 TeV."
1407.7494,This paper presents a search for new particles in events with one lepton (electron or muon) and missing transverse momentum using 20.3 $fb^{-1}$ of proton-proton collision data at $\sqrt{s}=8$ TeV recorded by the ATLAS experiment at the Large Hadron Collider. No significant excess beyond Standard Model expectations is observed. A $W'$ with Sequential Standard Model couplings is excluded at the 95% confidence level for masses up to 3.24 TeV. Excited chiral bosons ($W^{*}$) with equivalent coupling strengths are excluded for masses up to 3.21 TeV. In the framework of an effective field theory limits are also set on the dark matter-nucleon scattering cross-section as well as the mass scale $M_{*}$ of the unknown mediating interaction for dark matter pair production in association with a leptonically decaying $W$.
1606.03977,"A search for $W^\prime$ bosons in events with one lepton (electron or muon) and missing transverse momentum is presented. The search uses 3.2 fb$^{-1}$ of $pp$ collision data collected at $\sqrt{s} = 13$ TeV by the ATLAS experiment at the LHC in 2015. The transverse mass distribution is examined and no significant excess of events above the level expected from Standard Model processes is observed. Upper limits on the $W^\prime$ boson cross-section times branching ratio to leptons are set as a function of the $W^\prime$ mass. Assuming a $W^\prime$ boson as predicted by the Sequential Standard Model, $W^\prime$ masses below 4.07 TeV are excluded at the 95% confidence level. This extends the limit set using LHC data at $\sqrt{s}=8$ TeV by around 800 GeV."
1706.04786,"The results of a search for new heavy $W^\prime$ bosons decaying to an electron or muon and a neutrino using proton-proton collision data at a centre-of-mass energy of $\sqrt{s} = 13$ TeV are presented. The dataset was collected in 2015 and 2016 by the ATLAS experiment at the Large Hadron Collider and corresponds to an integrated luminosity of 36.1 fb$^{-1}$. As no excess of events above the Standard Model prediction is observed, the results are used to set upper limits on the $W^\prime$ boson cross-section times branching ratio to an electron or muon and a neutrino as a function of the $W^\prime$ mass. Assuming a $W^\prime$ boson with the same couplings as the Standard Model $W$ boson, $W^\prime$ masses below 5.1 TeV are excluded at the 95% confidence level."
1906.05609,"A search for a heavy charged-boson resonance decaying into a charged lepton (electron or muon) and a neutrino is reported. A data sample of 139 fb$^{-1}$ of proton-proton collisions at $\sqrt{s} = 13$ TeV collected with the ATLAS detector at the LHC during 2015-2018 is used in the search. The observed transverse mass distribution computed from the lepton and missing transverse momenta is consistent with the distribution expected from the Standard Model, and upper limits on the cross section for $pp \to W^\prime \to \ellν$ are extracted ($\ell = e$ or $μ$). These vary between 1.3 pb and 0.05 fb depending on the resonance mass in the range between 0.15 and 7.0 TeV at 95% confidence level for the electron and muon channels combined. Gauge bosons with a mass below 6.0 TeV and 5.1 TeV are excluded in the electron and muon channels, respectively, in a model with a resonance that has couplings to fermions identical to those of the Standard Model $W$ boson. Cross-section limits are also provided for resonances with several fixed $Γ/ m$ values in the range between 1% and 15%. Model-independent limits are derived in single-bin signal regions defined by a varying minimum transverse mass threshold. The resulting visible cross-section upper limits range between 4.6 (15) pb and 22 (22) ab as the threshold increases from 130 (110) GeV to 5.1 (5.1) TeV in the electron (muon) channel."
1408.5774,"The ATLAS detector at the Large Hadron Collider is used to search for the lepton flavor violating process $Z \rightarrow e μ$ in pp collisions using 20.3 $fb^{-1}$ of data collected at $\sqrt{s}$ = 8 TeV. An enhancement in the $e μ$ invariant mass spectrum is searched for at the Z boson mass. The number of Z bosons produced in the data sample is estimated using events of similar topology, $Z \rightarrow ee$ and $μμ$, significantly reducing the systematic uncertainty in the measurement. There is no evidence of an enhancement at the Z boson mass, resulting in an upper limit on the branching fraction, $B(Z \rightarrow e μ)$ &lt; 7.5 x 10$^{-7}$ at the 95% confidence level."
1804.09568,"Direct searches for lepton flavor violation in decays of the $Z$ boson with the ATLAS detector at the LHC are presented. Decays of the $Z$ boson into an electron or a muon and a hadronically decaying $τ$ lepton are considered. The searches are based on a data sample of proton-proton collisions collected by the ATLAS detector in 2015 and 2016, corresponding to an integrated luminosity of 36.1 fb$^{-1}$ at a center-of-mass energy of $\sqrt{s} = 13$ TeV. No significant excess of events above the expected background is observed, and upper limits on the branching ratios of lepton-flavor-violating decays are set at the 95% confidence level: $\mathcal{B} (Z\to eτ) &lt; 5.8 \times 10^{-5}$ and $\mathcal{B} (Z\to μτ) &lt; 2.4 \times 10^{-5}$. This is the first limit on $\mathcal{B} (Z\to eτ)$ with ATLAS data. The upper limit on $\mathcal{B} (Z\to μτ)$ is combined with a previous ATLAS result based on 20.3 fb$^{-1}$ of proton-proton collision data at a center-of-mass energy of $\sqrt{s} = 8$ TeV and the combined upper limit at 95% confidence level is $\mathcal{B} (Z\to μτ) &lt; 1.3 \times 10^{-5}$."
2010.02566,"Leptons with essentially the same properties apart from their mass are grouped into three families (or flavours). The number of leptons of each flavour is conserved in interactions, but this is not imposed by fundamental principles. Since the formulation of the standard model of particle physics, the observation of flavour oscillations among neutrinos has shown that lepton flavour is not conserved in neutrino weak interactions. So far, there has been no experimental evidence that this also occurs in interactions between charged leptons. Such an observation would be a sign for undiscovered particles or a yet unknown type of interaction. Here, the ATLAS experiment at the Large Hadron Collider at CERN reports a constraint on lepton-flavour-violating effects in weak interactions, searching for $Z$-boson decays into a $τ$ lepton and another lepton of different flavour with opposite electric charge. The branching fractions for these decays are measured to be less than $8.1\times10^{-6}$ ($eτ$) and $9.5\times10^{-6}$ ($μτ$) at 95% confidence level using 139 fb$^{-1}$ of proton-proton collision data at a centre-of-mass energy $\sqrt{s}=13$ TeV and 20.3 fb$^{-1}$ at $\sqrt{s}=8$ TeV. These results supersede the limits from the Large Electron-Positron Collider experiments conducted more than two decades ago."
2105.12491,"A search for lepton-flavor-violating $Z\to eτ$ and $Z\toμτ$ decays with $pp$ collision data recorded by the ATLAS detector at the LHC is presented. This analysis uses 139 fb$^{-1}$ of Run 2 $pp$ collisions at $\sqrt{s}=13$ TeV and is combined with the results of a similar ATLAS search in the final state in which the $τ$-lepton decays hadronically, using the same data set as well as Run 1 data. The addition of leptonically decaying $τ$-leptons significantly improves the sensitivity reach for $Z\to\ellτ$ decays. The $Z\to\ellτ$ branching fractions are constrained in this analysis to $\mathcal{B}(Z\to eτ)&lt;7.0\times10^{-6}$ and $\mathcal{B}(Z\to μτ)&lt;7.2\times10^{-6}$ at 95% confidence level. The combination with the previously published analyses sets the strongest constraints to date: $\mathcal{B}(Z\to eτ)&lt;5.0\times10^{-6}$ and $\mathcal{B}(Z\to μτ)&lt;6.5\times10^{-6}$ at 95% confidence level."
2204.10783,"A search for the charged-lepton-flavor-violating process $Z\rightarrow eμ$ is presented, using 139 fb$^{-1}$ of $\sqrt{s}=13$ TeV $pp$ collision data collected by the ATLAS experiment at the LHC. An excess in the $eμ$ invariant mass spectrum near the $Z$ boson mass would be a striking signature of new physics. No excess is observed, and an upper limit $B(Z\rightarrow eμ) &lt; 2.62 \times 10^{-7}$ is placed on the branching fraction at 95% confidence level, which is the most stringent limit to date."
1901.08144,"A search for a narrow scalar resonance decaying into an opposite-sign muon pair produced in events with and without $b$-tagged jets is presented in this paper. The search uses 36.1 fb$^{-1}$ of $\sqrt{s}= 13$ TeV proton-proton collision data recorded by the ATLAS experiment at the LHC. No significant excess of events above the expected Standard Model background is observed in the investigated mass range of 0.2 to 1.0 TeV. The observed upper limits at 95$\%$ confidence level on the cross section times branching ratio for $b$-quark associated production and gluon-gluon fusion are between 1.9 and 41 fb and 1.6 and 44 fb respectively, which is consistent with expectations."
2304.14247,"A search for a new pseudoscalar $a$-boson produced in events with a top-quark pair, where the $a$-boson decays into a pair of muons, is performed using $\sqrt{s} = 13$ TeV $pp$ collision data collected with the ATLAS detector at the LHC, corresponding to an integrated luminosity of $139\, \mathrm{fb}^{-1}$. The search targets the final state where only one top quark decays to an electron or muon, resulting in a signature with three leptons $eμμ$ and $μμμ$. No significant excess of events above the Standard Model expectation is observed and upper limits are set on two signal models: $pp \rightarrow t\bar{t}a$ and $pp \rightarrow t\bar{t}$ with $t \rightarrow H^\pm b$, $H^\pm \rightarrow W^\pm a$, where $a\rightarrowμμ$, in the mass ranges $15$ GeV $ &lt; m_a &lt; 72$ GeV and $120$ GeV $ \leq m_{H^{\pm}} \leq 160$ GeV."
2601.21361,"A model-independent search for low-mass resonances decaying into pairs of oppositely charged muons is presented. The analysis uses proton-proton collision data corresponding to an integrated luminosity of 140 fb$^{-1}$, recorded by the ATLAS detector at the Large Hadron Collider between 2015 and 2018. The search targets hypothetical dimuon resonances in the invariant mass range from 35 GeV to 75 GeV. The modelling of this mass region is particularly challenging for conventional analytic background parameterisations. To address this, a Gaussian process regression technique is used to model the background. The dimuon mass spectrum is analysed for potential signals, and no statistically significant excess is observed. Upper limits at the 95% confidence level are set on the fiducial production cross-section of new resonances decaying promptly into muons, ranging from 20 fb to 110 fb, depending on the resonance mass. These results are further interpreted in the context of dark-photon and dark-matter-mediator models, leading to new constraints on their parameter spaces."
1503.03290,"Two searches for supersymmetric particles in final states containing a same-flavour opposite-sign lepton pair, jets and large missing transverse momentum are presented. The proton-proton collision data used in these searches were collected at a centre-of-mass energy $\sqrt{s}=8$ TeV by the ATLAS detector at the Large Hadron Collider and corresponds to an integrated luminosity of 20.3 fb$^{-1}$. Two leptonic production mechanisms are considered: decays of squarks and gluinos with $Z$ bosons in the final state, resulting in a peak in the dilepton invariant mass distribution around the $Z$-boson mass; and decays of neutralinos (e.g. $\tildeχ^{0}_{2} \rightarrow \ell^{+}\ell^{-}\tildeχ^{0}_{1}$), resulting in a kinematic endpoint in the dilepton invariant mass distribution. For the former, an excess of events above the expected Standard Model background is observed, with a significance of 3 standard deviations. In the latter case, the data are well-described by the expected Standard Model background. The results from each channel are interpreted in the context of several supersymmetric models involving the production of squarks and gluinos."
1611.05791,"Two searches for new phenomena in final states containing a same-flavour opposite-lepton (electron or muon) pair, jets, and large missing transverse momentum are presented. These searches make use of proton--proton collision data, collected during 2015 and 2016 at a centre-of-mass energy $\sqrt{s}=13$ TeV by the ATLAS detector at the Large Hadron Collider, which correspond to an integrated luminosity of 14.7 fb$^{-1}$. Both searches target the pair production of supersymmetric particles, squarks or gluinos, which decay to final states containing a same-flavour opposite-sign lepton pair via one of two mechanisms: a leptonically decaying Z boson in the final state, leading to a peak in the dilepton invariant-mass distribution around the Z boson mass; and decays of neutralinos (e.g. $\tildeχ_2^0 \rightarrow \ell^+\ell^- \tildeχ_1^0$), yielding a kinematic endpoint in the dilepton invariant-mass spectrum. The data are found to be consistent with the Standard Model expectation. Results are interpreted in simplified models of gluino-pair (squark-pair) production, and provide sensitivity to gluinos (squarks) with masses as large as 1.70 TeV (980 GeV)."
1805.11381,"A search for new phenomena in final states containing an $e^+e^-$ or $μ^+μ^-$ pair, jets, and large missing transverse momentum is presented. This analysis makes use of proton--proton collision data with an integrated luminosity of $36.1 \; \mathrm{fb}^{-1}$, collected during 2015 and 2016 at a centre-of-mass energy $\sqrt{s}$ = 13 TeV with the ATLAS detector at the Large Hadron Collider. The search targets the pair production of supersymmetric coloured particles (squarks or gluinos) and their decays into final states containing an $e^+e^-$ or $μ^+μ^-$ pair and the lightest neutralino ($\tildeχ_1^0$) via one of two next-to-lightest neutralino ($\tildeχ_2^0$) decay mechanisms: $\tildeχ_2^0 \rightarrow Z \tildeχ_1^0$, where the $Z$ boson decays leptonically leading to a peak in the dilepton invariant mass distribution around the $Z$ boson mass; and $\tildeχ_2^0 \rightarrow \ell^+\ell^- \tildeχ_1^0$ with no intermediate $\ell^+\ell^-$ resonance, yielding a kinematic endpoint in the dilepton invariant mass spectrum. The data are found to be consistent with the Standard Model expectation. Results are interpreted using simplified models, and exclude gluinos and squarks with masses as large as 1.85 TeV and 1.3 TeV at 95% confidence level, respectively."
1111.0080,A search for microscopic black holes has been performed in a same-sign dimuon final state using 1.3 fb^-1 of proton-proton collision data collected with the ATLAS detector at a centre of mass energy of 7 TeV at the CERN Large Hadron Collider. The data are found to be consistent with the expectation from the Standard Model and the results are used to derive exclusion contours in the context of a low scale gravity model.
1308.4075,"A search is presented for microscopic black holes in a like-sign dimuon final state in proton--proton collisions at sqrt(s)= 8 TeV. The data were collected with the ATLAS detector at the Large Hadron Collider in 2012 and correspond to an integrated luminosity of 20.3 fb-1. Using a high track multiplicity requirement, 0.6 +- 0.2 background events from Standard Model processes are predicted and none observed. This result is interpreted in the context of low-scale gravity models and 95% CL lower limits on microscopic black hole masses are set for different model assumptions."
2305.02005,"A search new phenomena giving rise to pairs of opposite electrically charged muons with impact parameters in the millimetre range is presented, using 139 fb$^{-1}$ of $\sqrt{s} = 13$ TeV $pp$ collision data from the ATLAS detector at the LHC. The search targets the gap in coverage between existing searches targeting final states with leptons with large displacement and prompt leptons. No significant excess over the background expectation is observed and exclusion limits are set on the mass of long-lived scalar supersymmetric muon-partners (smuons) with much lower lifetimes than previously targeted by displaced muon searches. Smuon lifetimes down to 1 ps are excluded for a smuon mass of 100 GeV, and smuon masses up to 520 GeV are excluded for a proper lifetime of 10 ps, at 95% confidence level. Finally, model-independent limits are set on the contribution from new phenomena to the signal-region yields."
2407.09168,"A search for a dark photon, a new light neutral particle, which decays promptly into collimated pairs of electrons or muons is presented. The search targets dark photons resulting from the exotic decay of the Standard Model Higgs boson, assuming its production via the dominant gluon-gluon fusion mode. The analysis is based on 140 fb$^{-1}$ of data collected with the ATLAS detector at the Large Hadron Collider from proton-proton collisions at a center-of-mass energy of 13 TeV. Events with collimated pairs of electrons or muons are analysed and background contributions are estimated using data-driven techniques. No significant excess in the data above the Standard Model background is observed. Upper limits are set at 95% confidence level on the branching ratio of the Higgs boson decay into dark photons between 0.001% and 5%, depending on the assumed dark photon mass and signal model."
1801.06992,A search for high-mass resonances decaying to $τν$ using proton-proton collisions at $\sqrt{s}$ = 13 TeV produced by the Large Hadron Collider is presented. Only $τ$-lepton decays with hadrons in the final state are considered. The data were recorded with the ATLAS detector and correspond to an integrated luminosity of 36.1 fb$^{-1}$. No statistically significant excess above the Standard Model expectation is observed; model-independent upper limits are set on the visible $τν$ production cross section. Heavy $W^{\prime}$ bosons with masses less than 3.7 TeV in the Sequential Standard Model and masses less than 2.2-3.8 TeV depending on the coupling in the non-universal G(221) model are excluded at the 95% credibility level.
2402.16576,"A search for high-mass resonances decaying into a $τ$-lepton and a neutrino using proton-proton collisions at a center-of-mass energy of $\sqrt{s}=13$ TeV is presented. The full Run 2 data sample corresponding to an integrated luminosity of 139 fb$^{-1}$ recorded by the ATLAS experiment in the years 2015-2018 is analyzed. The $τ$-lepton is reconstructed in its hadronic decay modes and the total transverse momentum carried out by neutrinos is inferred from the reconstructed missing transverse momentum. The search for new physics is performed on the transverse mass between the $τ$-lepton and the missing transverse momentum. No excess of events above the Standard Model expectation is observed and upper exclusion limits are set on the $W^\prime\to τν$ production cross-section. Heavy $W^\prime$ vector bosons with masses up to 5.0 TeV are excluded at 95% confidence level, assuming that they have the same couplings as the Standard Model $W$ boson. For non-universal couplings, $W^\prime$ bosons are excluded for masses less than 3.5-5.0 TeV, depending on the model parameters. In addition, model-independent limits on the visible cross-section times branching ratio are determined as a function of the lower threshold on the transverse mass of the $τ$-lepton and missing transverse momentum."
2011.10543,"A search is performed for the electroweak pair production of charginos and associated production of a chargino and neutralino, each of which decays through an $R$-parity-violating coupling into a lepton and a $W$, $Z$, or Higgs boson. The trilepton invariant-mass spectrum is constructed from events with three or more leptons, targeting chargino decays that include an electron or muon and a leptonically decaying $Z$ boson. The analyzed dataset corresponds to an integrated luminosity of 139 fb$^{-1}$ of proton-proton collision data produced by the Large Hadron Collider at a center-of-mass energy of $\sqrt{s}$ = 13 TeV and collected by the ATLAS experiment between 2015 and 2018. The data are found to be consistent with predictions from the Standard Model. The results are interpreted as limits at 95% confidence level on model-independent cross sections for processes beyond the Standard Model. Limits are also set on the production of charginos and neutralinos for a Minimal Supersymmetric Standard Model with an approximate $B$-$L$ symmetry. Charginos and neutralinos with masses between 100 GeV and 1100 GeV are excluded depending on the assumed decay branching fractions into a lepton (electron, muon, or $τ$-lepton) plus a boson ($W$, $Z$, or Higgs)."
2305.10894,"A search for physics beyond the Standard Model inducing periodic signals in the dielectron and diphoton invariant mass spectra is presented using 139 fb$^{-1}$ of $\sqrt{s}=13$ TeV $pp$ collision data collected by the ATLAS experiment at the LHC. Novel search techniques based on continuous wavelet transforms are used to infer the frequency of periodic signals from the invariant mass spectra and neural network classifiers are used to enhance the sensitivity to periodic resonances. In the absence of a signal, exclusion limits are placed at the 95\% confidence level in the two-dimensional parameter space of the clockwork gravity model. Model-independent searches for deviations from the background-only hypothesis are also performed."
2603.18099,"A search for charged lepton flavour violation in $τ\to 3μ$ decays is performed in $pp$ collisions at a centre-of-mass energy of 13 TeV using ATLAS data collected between 2016 and 2018, corresponding to an integrated luminosity of 137 $\text{fb}^{-1}$. The search is optimised for the electroweak $W \to τν$ production channel, due to its higher trigger efficiency, but also considers potential signal events from heavy-flavour production. Data are collected using two-muon and three-muon triggers and a multivariate analysis is used to separate the signal from the background. An unbinned likelihood fit is then performed to the resulting three-muon invariant mass spectrum and the data are found to be compatible with the background-only hypothesis. The observed (expected) limit on the branching ratio $B(τ\to3μ)$ is found to be $8.7\times 10^{-8}$ ($7.5\times 10^{-8}$) at 90% CL."
1108.5064,"A search for a heavy Standard Model Higgs boson decaying via H-&gt;ZZ-&gt;llqq, where l=e,mu, is presented. The search is performed using a data set of pp collisions at sqrt(s)=7 TeV, corresponding to an integrated luminosity of 1.04 fb^-1 collected in 2011 by the ATLAS detector at the CERN LHC collider. No significant excess of events above the estimated background is found. Upper limits at 95% confidence level on the production cross section (relative to that expected from the Standard Model) of a Higgs boson with a mass in the range between 200 and 600 GeV are derived. Within this mass range, there is at present insufficient sensitivity to exclude a Standard Model Higgs boson. For a Higgs boson with a mass of 360 GeV, where the sensitivity is maximal, the observed and expected cross section upper limits are factors of 1.7 and 2.7, respectively, larger than the Standard Model prediction."
1203.0718,"A search is presented for a narrow resonance decaying to a pair of Z bosons using data corresponding to 1.02/fb of integrated luminosity collected by the ATLAS experiment from pp collisions at sqrt(s) = 7 TeV. Events containing either four charged leptons (llll) or two charged leptons and two jets (lljj) are analyzed and found to be consistent with the Standard Model background expectation. Lower limits on a resonance mass are set using the Randall-Sundrum (RS1) graviton model as a benchmark. Using both llll and lljj events, an RS1 graviton with k/m_pl = 0.1 and mass between 325 and 845 GeV is excluded at 95% confidence level. In addition, the llll events are used to set a fiducial cross section limit of sigma_fiducial(pp -&gt; X -&gt; ZZ &lt; 0.92 pb at 95% confidence level for any new sources of ZZ production with m_ZZ greater than 300 GeV."
1409.6190,This paper reports on a search for narrow resonances in diboson production in the $\ell\ell q\bar{q}$ final state using pp collision data corresponding to an integrated luminosity of 20 fb$^{-1}$ collected at $\sqrt{s}=8$ TeV with the ATLAS detector at the Large Hadron Collider. No significant excess of data events over the Standard Model expectation is observed. Upper limits at the 95% confidence level are set on the production cross section times branching ratio for Kaluza--Klein gravitons predicted by the Randall--Sundrum model and for Extended Gauge Model W' bosons. These results lead to the exclusion of mass values below 740 GeV and 1590 GeV for the graviton and W' boson respectively.
1708.09638,"This paper reports searches for heavy resonances decaying into $ZZ$ or $ZW$ using data from proton--proton collisions at a centre-of-mass energy of $\sqrt{s}=13$ TeV. The data, corresponding to an integrated luminosity of 36.1 fb$^{-1}$, were recorded with the ATLAS detector in 2015 and 2016 at the Large Hadron Collider. The searches are performed in final states in which one $Z$ boson decays into either a pair of light charged leptons (electrons and muons) or a pair of neutrinos, and the associated $W$ boson or the other $Z$ boson decays hadronically. No evidence of the production of heavy resonances is observed. Upper bounds on the production cross sections of heavy resonances times their decay branching ratios to $ZZ$ or $ZW$ are derived in the mass range 300--5000 GeV within the context of Standard Model extensions with additional Higgs bosons, a heavy vector triplet or warped extra dimensions. Production through gluon--gluon fusion, Drell--Yan or vector-boson fusion are considered, depending on the assumed model."
1712.06386,"A search for heavy resonances decaying into a pair of $Z$ bosons leading to $\ell^+\ell^-\ell^+\ell^-$ and $\ell^+\ell^-ν\barν$ final states, where $\ell$ stands for either an electron or a muon, is presented. The search uses proton proton collision data at a centre-of-mass energy of 13 TeV corresponding to an integrated luminosity of 36.1 fb$^{-1}$ collected with the ATLAS detector during 2015 and 2016 at the Large Hadron Collider. Different mass ranges for the hypothetical resonances are considered, depending on the final state and model. The different ranges span between 200 GeV and 2000 GeV. The results are interpreted as upper limits on the production cross section of a spin 0 or spin 2 resonance. The upper limits for the spin 0 resonance are translated to exclusion contours in the context of Type I and Type II two-Higgs-doublet models, while those for the spin 2 resonance are used to constrain the Randall Sundrum model with an extra dimension giving rise to spin 2 graviton excitations."
2009.14791,"A search for heavy resonances decaying into a pair of $Z$ bosons leading to $\ell^+\ell^-\ell'^+\ell'^-$ and $\ell^+\ell^-ν\barν$ final states, where $\ell$ stands for either an electron or a muon, is presented. The search uses proton-proton collision data at a centre-of-mass energy of 13 TeV collected from 2015 to 2018 that corresponds to the full integrated luminosity of 139 fb$^{-1}$ recorded by the ATLAS detector during Run 2 of the Large Hadron Collider. Different mass ranges spanning 200 GeV to 2000 GeV for the hypothetical resonances are considered, depending on the final state and model. In the absence of a significant observed excess, the results are interpreted as upper limits on the production cross section of a spin-0 or spin-2 resonance. The upper limits for the spin-0 resonance are translated to exclusion contours in the context of Type-I and Type-II two-Higgs-doublet models, and the limits for the spin-2 resonance are used to constrain the Randall--Sundrum model with an extra dimension giving rise to spin-2 graviton excitations."
1204.1648,"A generic search is presented for a heavy particle decaying to WZ to l nu l'l' (l, l' = e, mu) final states. The data were recorded by the ATLAS detector in sqrt(s) = 7 TeV pp collisions at the Large Hadron Collider and correspond to an integrated luminosity of 1.02 fb-1. The transverse mass distribution of the selected WZ candidates is found to be consistent with the Standard Model expectation. Upper limits on the production cross section times branching ratio are derived using two benchmark models predicting a heavy particle decaying to a WZ pair."
1406.4456,"A search for resonant WZ production in the lnul'l' (l, l'= e,mu) decay channel using 20.3 fb-1 of sqrt(s) = 8 TeV pp collision data collected by the ATLAS experiment at LHC is presented. No significant deviation from the Standard Model prediction is observed and upper limits on the production cross sections of WZ resonances from an extended gauge model W' and from a simplified model of heavy vector triplets are derived. A corresponding observed (expected) lower mass limit of 1.52 (1.49) TeV is derived for the W' at the 95% confidence level."
1806.01532,"A search for a heavy resonance decaying into $WZ$ in the fully leptonic channel (electrons and muons) is performed. It is based on proton-proton collision data collected by the ATLAS experiment at the Large Hadron Collider at a centre-of-mass energy of 13 TeV, corresponding to an integrated luminosity of 36.1 fb$^{-1}$. No significant excess is observed over the Standard Model predictions and limits are set on the production cross section times branching ratio of a heavy vector particle produced either in quark-antiquark fusion or through vector-boson fusion. Constraints are also obtained on the mass and couplings of a singly charged Higgs boson, in the Georgi-Machacek model, produced through vector-boson fusion."
2207.03925,"A search for a $WZ$ resonance, in the fully leptonic final state (electrons and muons), is performed using 139 fb$^{-1}$ of data collected at a centre-of-mass energy of 13 TeV by the ATLAS detector at the Large Hadron Collider. The results are interpreted in terms of a singly charged Higgs boson of the Georgi$-$Machacek model, produced by $WZ$ fusion, and of a Heavy Vector Triplet, with the resonance produced by $WZ$ fusion or the Drell$-$Yan process. No significant excess over the Standard Model predictions is observed and limits are set on the production cross-section times branching ratio as a function of the resonance mass for these processes."
1305.0125,"A search for resonant diboson production using a data sample corresponding to 4.7 fb-1 of integrated luminosity collected by the ATLAS experiment at the Large Hadron Collider in pp collisions at 7 TeV is presented. The search for a narrow resonance in the WW or WZ mass distribution is conducted in a final state with an electron or a muon, missing transverse momentum and at least two jets. No significant excess is observed and limits are set using three benchmark models: WW resonance masses below 940 GeV and 710 GeV are excluded at 95% confidence level for spin-2 Randall-Sundrum and bulk Randall-Sundrum gravitons, respectively; WZ resonance masses below 950 GeV are excluded at 95% confidence level for a spin-1 Extended Gauge Model W' boson."
1503.04677,"A search is presented for narrow diboson resonances decaying to $WW$ or $WZ$ in the final state where one $W$ boson decays leptonically (to an electron or a muon plus a neutrino) and the other $W/Z$ boson decays hadronically. The analysis is performed using an integrated luminosity of 20.3 fb$^{-1}$ of $pp$ collisions at $\sqrt{s}$ = 8 TeV collected by the ATLAS detector at the LHC. No evidence for resonant diboson production is observed, and resonance masses below 700 GeV and 1490 GeV are excluded at 95% confidence level for the spin-2 Randall-Sundrum bulk graviton $G^*$ with coupling constant of 1.0 and the extended gauge model $W'$ boson respectively."
1710.07235,"A search is conducted for new resonances decaying into a $WW$ or $WZ$ boson pair, where one $W$ boson decays leptonically and the other $W$ or $Z$ boson decays hadronically. It is based on proton-proton collision data with an integrated luminosity of 36.1 fb$^{-1}$ collected with the ATLAS detector at the Large Hadron Collider at a centre-of-mass energy of $\sqrt{s}$ = 13 TeV in 2015 and 2016. The search is sensitive to diboson resonance production via vector-boson fusion as well as quark-antiquark annihilation and gluon-gluon fusion mechanisms. No significant excess of events is observed with respect to the Standard Model backgrounds. Several benchmark models are used to interpret the results. Limits on the production cross section are set for a new narrow scalar resonance, a new heavy vector-boson and a spin-2 Kaluza-Klein graviton."
2004.14636,"This paper reports on a search for heavy resonances decaying into $WW$, $ZZ$ or $WZ$ using proton-proton collision data at a centre-of-mass energy of $\sqrt{s}=13$ TeV. The data, corresponding to an integrated luminosity of 139 $\mathrm{fb^{-1}}$, were recorded with the ATLAS detector from 2015 to 2018 at the Large Hadron Collider. The search is performed for final states in which one $W$ or $Z$ boson decays leptonically, and the other $W$ boson or $Z$ boson decays hadronically. The data are found to be described well by expected backgrounds. Upper bounds on the production cross sections of heavy scalar, vector or tensor resonances are derived in the mass range 300-5000 GeV within the context of Standard Model extensions with warped extra dimensions or including a heavy vector triplet. Production through gluon-gluon fusion, Drell-Yan or vector-boson fusion are considered, depending on the assumed model."
1205.6744,"A search for a heavy Standard Model Higgs boson decaying via H -&gt; ZZ -&gt; llnunu, where l represents electrons or muons, is presented. It is based on proton-proton collision data at sqrt(s) = 7 TeV, collected by the ATLAS experiment at the LHC during 2011 and corresponding to an integrated luminosity of 4.7 fb^-1. The data agree with the expected Standard Model backgrounds. Upper limits on the Higgs boson production cross section are derived for Higgs boson masses between 200 GeV and 600 GeV and the production of a Standard Model Higgs boson with a mass in the range 319 - 558 GeV is excluded at the 95% confidence level."
1206.2443,"A search for a heavy Standard Model Higgs boson decaying via H-&gt;ZZ-&gt;llqq, where l=e or mu, is presented. The search uses a data set of pp collisions at sqrt(s) = 7 TeV, corresponding to an integrated luminosity of 4.7 fb^-1 collected in 2011 by the ATLAS detector at the CERN LHC. No significant excess of events above the estimated background is found. Upper limits at 95% confidence level on the production cross section of a Higgs boson with a mass in the range between 200 and 600 GeV are derived. A Standard Model Higgs boson with a mass in the range 300 &lt;= mH &lt;= 322 GeV or 353 &lt;= mH &lt;= 410 GeV is excluded at 95% CL. The corresponding expected exclusion range is 351 &lt;= mH &lt;= 404 GeV at 95% CL."
1507.05930,"A search is presented for a high-mass Higgs boson in the $H\rightarrow\ell\ell\ell\ell$, $H\rightarrow\ell\ellνν$, $H\rightarrow\ell\ell qq$, and $H\rightarrowννqq$ decay modes using the ATLAS detector at the CERN Large Hadron Collider. The search uses proton-proton collision data at a centre-of-mass energy of 8 TeV corresponding to an integrated luminosity of 20.3 fb$^{-1}$. The results of the search are interpreted in the scenario of a heavy Higgs boson with a width that is small compared with the experimental mass resolution. The Higgs boson mass range considered extends up to 1 TeV for all four decay modes and down to as low as 140 GeV, depending on the decay mode. No significant excess of events over the Standard Model prediction is found. A simultaneous fit to the four decay modes yields upper limits on the production cross-section of a heavy Higgs boson times the branching ratio to Z boson pairs. 95% confidence level upper limits range from 0.53 pb at $m_H=195$ GeV to 0.008 pb at $m_H=950$ GeV for the gluon-fusion production mode and from 0.31 pb at $m_H=195$ GeV to 0.009 pb at $m_H=950$ GeV for the vector-boson-fusion production mode. The results are also interpreted in the context of Type-I and Type-II two-Higgs-doublet models."
1509.00389,"A search for a high-mass Higgs boson $H$ is performed in the $H\to{WW}\to\ellν\ellν$ and $H\to{WW}\to\ellν{qq}$ decay channels, using $pp$ collision data corresponding to an integrated luminosity of 20.3 fb$^{-1}$, collected at $\sqrt{s}=$ 8 TeV by the ATLAS detector at the Large Hadron Collider. No evidence of a high-mass Higgs boson is found. Limits on $σ_H\times \mathrm{BR}(H\to{WW})$ as a function of the Higgs boson mass $m_H$ are determined in three different scenarios: one in which the heavy Higgs boson has a narrow width compared to the experimental resolution, one a width increasing with the boson mass and modeled by the complex-pole scheme following the same behavior as in the Standard Model, and one for intermediate widths. The upper range of the search is $m_H=1500$ GeV for the narrow-width scenario and $m_H=1000$ GeV for the other two scenarios. The lower edge of the search range is $200-300$ GeV and depends on the analysis channel and search scenario. For each scenario, individual and combined limits from the two $WW$ decay channels are presented. At $m_H = 1500$ GeV, the highest mass point tested, $σ_H\cdot\mathrm{BR}(H\rightarrow WW)$ for a narrow-width Higgs boson is constrained to be less than 22 fb and 6.6 fb at the 95% CL for the gluon fusion and vector-boson fusion production modes, respectively."
1506.00962,"A search is performed for narrow resonances decaying into $WW$, $WZ$, or $ZZ$ boson pairs using 20.3 fb$^{-1}$ of proton-proton collision data at a centre-of-mass energy of $\sqrt{s}$ = 8 TeV recorded with the ATLAS detector at the Large Hadron Collider. Diboson resonances with masses in the range from 1.3 to 3.0 TeV are sought after using the invariant mass distribution of dijets where both jets are tagged as a boson jet, compatible with a highly boosted $W$ or $Z$ boson decaying to quarks, using jet mass and substructure properties. The largest deviation from a smoothly falling background in the observed dijet invariant mass distribution occurs around 2 TeV in the $WZ$ channel, with a global significance of 2.5 standard deviations. Exclusion limits at the 95% confidence level are set on the production cross section times branching ratio for the $WZ$ final state of a new heavy gauge boson, $W'$, and for the $WW$ and $ZZ$ final states of Kaluza--Klein excitations of the graviton in a bulk Randall--Sundrum model, as a function of the resonance mass. $W'$ bosons with couplings predicted by the extended gauge model in the mass range from 1.3 to 1.5 TeV are excluded at 95% confidence level."
1708.04445,"Narrow resonances decaying into $WW$, $WZ$ or $ZZ$ boson pairs are searched for in 36.7 fb $^{-1}$ of proton-proton collision data at a centre-of-mass energy of $\sqrt{s}=13$ TeV recorded with the ATLAS detector at the Large Hadron Collider in 2015 and 2016. The diboson system is reconstructed using pairs of large-radius jets with high transverse momentum and tagged as compatible with the hadronic decay of high-momentum $W$ or $Z$ bosons, using jet mass and substructure properties. The search is sensitive to diboson resonances with masses in the range 1.2-5.0 TeV. No significant excess is observed in any signal region. Exclusion limits are set at the 95% confidence level on the production cross section times branching ratio to dibosons for a range of theories beyond the Standard Model. Model-dependent lower limits on the mass of new gauge bosons are set, with the highest limit set at 3.5 TeV in the context of mass-degenerate resonances that couple predominantly to bosons."
1906.08589,"Narrow resonances decaying into $WW$, $WZ$ or $ZZ$ boson pairs are searched for in 139 fb$^{-1}$ of proton-proton collision data at a centre-of-mass energy of $\sqrt{s}=13$ TeV recorded with the ATLAS detector at the Large Hadron Collider from 2015 to 2018. The diboson system is reconstructed using pairs of high transverse momentum, large-radius jets. These jets are built from a combination of calorimeter- and tracker-inputs compatible with the hadronic decay of a boosted $W$ or $Z$ boson, using jet mass and substructure properties. The search is performed for diboson resonances with masses greater than 1.3 TeV. No significant deviations from the background expectations are observed. Exclusion limits at the 95% confidence level are set on the production cross-section times branching ratio into dibosons for resonances in a range of theories beyond the Standard Model, with the highest excluded mass of a new gauge boson at 3.8 TeV in the context of mass-degenerate resonances that couple predominantly to gauge bosons."
1606.04833,"Searches for new heavy resonances decaying to $WW$, $WZ$, and $ZZ$ bosons are presented, using a data sample corresponding to 3.2 fb$^{-1}$ of $pp$ collisions at $\sqrt{s}=13$ TeV collected with the ATLAS detector at the CERN Large Hadron Collider. Analyses selecting $ννqq$, $\ellνqq$, $\ell\ell qq$ and $qqqq$ final states are combined, searching for a narrow-width resonance with mass between 500 and 3000 GeV. The discriminating variable is either an invariant mass or a transverse mass. No significant deviations from the Standard Model predictions are observed. Three benchmark models are tested: a model predicting the existence of a new heavy scalar singlet, a simplified model predicting a heavy vector-boson triplet, and a bulk Randall-Sundrum model with a heavy spin-2 graviton. Cross-section limits are set at the 95% confidence level and are compared to theoretical cross-section predictions for a variety of models. The data exclude a scalar singlet with mass below 2650 GeV, a heavy vector-boson triplet with mass below 2600 GeV, and a graviton with mass below 1100 GeV. These results significantly extend the previous limits set using $pp$ collisions at $\sqrt{s}=8$ TeV."
1710.01123,"A search for neutral heavy resonances is performed in the $WW\to eνμν$ decay channel using $pp$ collision data corresponding to an integrated luminosity of 36.1 fb$^{-1}$, collected at a centre-of-mass energy of 13 TeV by the ATLAS detector at the Large Hadron Collider. No evidence of such heavy resonances is found. In the search for production via the quark--antiquark annihilation or gluon--gluon fusion process, upper limits on $σ_X \times B(X \to WW)$ as a function of the resonance mass are obtained in the mass range between 200 GeV and up to 5 TeV for various benchmark models: a Higgs-like scalar in different width scenarios, a two-Higgs-doublet model, a heavy vector triplet model, and a warped extra dimensions model. In the vector-boson fusion process, constraints are also obtained on these resonances, as well as on a Higgs boson in the Georgi--Machacek model and a heavy tensor particle coupling only to gauge bosons."
1610.05088,"This paper reports a search for triboson $W^{\pm}W^{\pm}W^{\mp}$ production in two decay channels ($W^{\pm}W^{\pm}W^{\mp}\rightarrow \ell^{\pm}ν\ell^{\pm}ν\ell^{\mp}ν$ and $W^{\pm}W^{\pm}W^{\mp}\rightarrow \ell^{\pm}ν\ell^{\pm}νjj$ with $\ell=e, μ$) in proton-proton collision data corresponding to an integrated luminosity of 20.3 fb$^{-1}$ at a centre-of-mass energy of 8 TeV with the ATLAS detector at the Large Hadron Collider. Events with exactly three charged leptons, or two leptons with the same electric charge in association with two jets, are selected. The total number of events observed in data is consistent with the Standard Model (SM) predictions. The observed 95 % confidence level upper limit on the SM $W^{\pm}W^{\pm}W^{\mp}$ production cross section is found to be 730 fb with an expected limit of 560 fb in the absence of SM $W^{\pm}W^{\pm}W^{\mp}$ production. Limits are also set on $WWWW$ anomalous quartic gauge couplings."
1503.08089,A search for a new resonance decaying to a $W$ or $Z$ boson and a Higgs boson in the $\ell \ell/ \ell ν/ νν+ b \bar{b}$ final states is performed using 20.3 fb$^{-1}$ of $pp$ collision data recorded at $\sqrt{s}=$ 8 TeV with the ATLAS detector at the Large Hadron Collider. The search is conducted by examining the $WH/ZH$ invariant mass distribution for a localized excess. No significant deviation from the Standard Model background prediction is observed. The results are interpreted in terms of constraints on the Minimal Walking Technicolor model and on a simplified approach based on a phenomenological Lagrangian of Heavy Vector Triplets.
1607.05621,"A search is presented for new resonances decaying to a $W$ or $Z$ boson and a Higgs boson in the $\ell^+ \ell^- b\bar b$, $\ellνb\bar b$, and $ν\barν b\bar b$ channels in $pp$ collisions at $\sqrt s = 13$ TeV with the ATLAS detector at the Large Hadron Collider using a total integrated luminosity of 3.2 fb$^{-1}$. The search is conducted by looking for a localized excess in the $WH$/$ZH$ invariant or transverse mass distribution. No significant excess is observed, and the results are interpreted in terms of constraints on a simplified model based on a phenomenological Lagrangian of heavy vector triplets."
1707.06958,"A search for heavy resonances decaying to a $W$ or $Z$ boson and a Higgs boson in the $q\bar{q}^{(\prime)}b\bar{b}$ final state is described. The search uses 36.1 fb$^{-1}$ of proton-proton collision data at $\sqrt{s} =$ 13 TeV collected by the ATLAS detector at the CERN Large Hadron Collider in 2015 and 2016. The data are in agreement with the Standard Model expectations, with the largest excess found at a resonance mass of 3.0 TeV with a local (global) significance of 3.3 (2.1) $σ$. The results are presented in terms of constraints on a simplified model with a heavy vector triplet. Upper limits are set on the production cross-section times branching ratio for resonances decaying to a $W$ ($Z$) boson and a Higgs boson, itself decaying to $b\bar{b}$, in the mass range between 1.1 and 3.8 TeV; the limits range between 83 and 1.6 fb (77 and 1.1 fb) at 95% confidence level."
1712.06518,"A search is conducted for new resonances decaying into a $W$ or $Z$ boson and a 125 GeV Higgs boson in the $ν\barνb\bar{b}$, $\ell^{\pm}νb\bar{b}$, and $\ell^+\ell^-b\bar{b}$ final states, where $\ell^{\pm}= e^{\pm}$ or $μ^{\pm}$, in $pp$ collisions at $\sqrt{s} = 13$ TeV. The data used correspond to a total integrated luminosity of 36.1 fb$^{-1}$ collected with the ATLAS detector at the Large Hadron Collider during the 2015 and 2016 data-taking periods. The search is conducted by examining the reconstructed invariant or transverse mass distributions of $Wh$ and $Zh$ candidates for evidence of a localised excess in the mass range of 220 GeV up to 5 TeV. No significant excess is observed and the results are interpreted in terms of constraints on the production cross-section times branching fraction of heavy $W^\prime$ and $Z^\prime$ resonances in heavy-vector-triplet models and the CP-odd scalar boson $A$ in two-Higgs-doublet models. Upper limits are placed at the 95% confidence level and range between $9.0\times 10^{-4}$ pb and $8.1\times 10^{-1}$ pb depending on the model and mass of the resonance."
2207.00230,"This article presents a search for new resonances decaying into a $Z$ or $W$ boson and a 125 GeV Higgs boson $h$, and it targets the $ν\barνb\bar{b}$, $\ell^+\ell^-b\bar{b}$, or $\ell^{\pm}νb\bar{b}$ final states, where $\ell=e$ or $μ$, in proton-proton collisions at $\sqrt{s}=13$ TeV. The data used correspond to a total integrated luminosity of 139 fb$^{-1}$ collected by the ATLAS detector during Run 2 of the LHC at CERN. The search is conducted by examining the reconstructed invariant or transverse mass distributions of $Zh$ or $Wh$ candidates for evidence of a localised excess in the mass range from 220 GeV to 5 TeV. No significant excess is observed and 95% confidence-level upper limits between 1.3 pb and 0.3 fb are placed on the production cross section times branching fraction of neutral and charged spin-1 resonances and CP-odd scalar bosons. These limits are converted into constraints on the parameter space of the Heavy Vector Triplet model and the two-Higgs-doublet model."
1607.06363,"This Letter presents a search for new resonances with mass larger than 250 GeV, decaying to a $Z$ boson and a photon. The dataset consists of an integrated luminosity of 3.2 fb$^{-1}$ of $pp$ collisions collected at $\sqrt{s} = 13$ TeV with the ATLAS detector at the Large Hadron Collider. The $Z$ bosons are identified through their decays either to charged, light, lepton pairs ($e^+e^-$, $μ^+μ^-$) or to hadrons. The data are found to be consistent with the expected background in the whole mass range investigated and upper limits are set on the production cross section times decay branching ratio to $Zγ$ of a narrow scalar boson with mass between 250 GeV and 2.75 TeV."
1708.00212,"This article presents searches for the $Zγ$ decay of the Higgs boson and for narrow high-mass resonances decaying to $Zγ$, exploiting $Z$ boson decays to pairs of electrons or muons. The data analysis uses 36.1 fb$^{-1}$ of $pp$ collisions at $\sqrt{s} = 13$ TeV recorded by the ATLAS detector at the CERN Large Hadron Collider. The data are found to be consistent with the expected Standard Model background. The observed (expected - assuming Standard Model $pp\to H\to Zγ$ production and decay) upper limit on the production cross section times the branching ratio for $pp\to H\to Zγ$ is 6.6 (5.2) times the Standard Model prediction at the 95% confidence level for a Higgs boson mass of 125.09 GeV. In addition, upper limits are set on the production cross section times the branching ratio as a function of the mass of a narrow resonance between 250 GeV and 2.4 TeV, assuming spin-0 resonances produced via gluon-gluon fusion, and spin-2 resonances produced via gluon-gluon or quark-antiquark initial states. For high-mass spin-0 resonances, the observed (expected) limits vary between 88 fb (61 fb) and 2.8 fb (2.7 fb) for the mass range from 250 GeV to 2.4 TeV at the 95% confidence level."
2309.04364,"This letter presents a search for narrow, high-mass resonances in the $Zγ$ final state with the $Z$ boson decaying into a pair of electrons or muons. The $\sqrt{s}=13$ TeV $pp$ collision data were recorded by the ATLAS detector at the CERN Large Hadron Collider and have an integrated luminosity of 140 fb$^{-1}$. The data are found to be in agreement with the Standard Model background expectation. Upper limits are set on the resonance production cross section times the decay branching ratio into $Zγ$. For spin-0 resonances produced via gluon-gluon fusion, the observed limits at 95% confidence level vary between 65.5 fb and 0.6 fb, while for spin-2 resonances produced via gluon-gluon fusion (or quark-antiquark initial states) limits vary between 77.4 (76.1) fb and 0.6 (0.5) fb, for the mass range from 220 GeV to 3400 GeV."
1407.8150,"This letter presents a search for new resonances decaying to final states with a vector boson produced in association with a high transverse momentum photon, $Vγ$, with $V= W(\rightarrow \ell ν)$ or $Z(\rightarrow \ell^{+} \ell^{-})$, where $\ell = e$ or $μ$. The measurements use 20.3 fb$^{-1}$ of proton-proton collision data at a center-of-mass energy of $\sqrt{s}=8$ TeV recorded with the ATLAS detector. No deviations from the Standard Model expectations are found, and production cross section limits are set at 95% confidence level. Masses of the hypothetical $a_{T}$ and $ω_{T}$ states of a benchmark Low Scale Technicolor model are excluded in the ranges [275,960] GeV and $[200,700]\cup[750,890]$ GeV, respectively. Limits at 95% confidence level on the production cross section of a singlet scalar resonance decaying to $Zγ$ final states have also been obtained for masses below 1180 GeV."
1805.01908,"Many extensions of the Standard Model predict new resonances decaying to a $Z$, $W$, or Higgs boson and a photon. This paper presents a search for such resonances produced in $pp$ collisions at $\sqrt{s} = 13$ $\mathrm{TeV}$ using a dataset with an integrated luminosity of 36.1 fb$^{-1}$ collected by the ATLAS detector at the Large Hadron Collider. The $Z/W/H$ bosons are identified through their decays to hadrons. The data are found to be consistent with the Standard Model expectation in the entire investigated mass range. Upper limits are set on the production cross section times branching fraction for resonance decays to $Z/W+γ$ in the mass range from 1.0 to 6.8 $\mathrm{TeV}$, and for the first time into $H+γ$ in the mass range from 1.0 to 3.0 $\mathrm{TeV}$."
2304.11962,"A search for high-mass charged and neutral bosons decaying to $Wγ$ and $Zγ$ final states is presented in this paper. The analysis uses a data sample of $\sqrt{s} = 13$ TeV proton-proton collisions with an integrated luminosity of 139 fb$^{-1}$ collected by the ATLAS detector during LHC Run 2 operation. The sensitivity of the search is determined using models of the production and decay of spin-1 charged bosons and spin-0/2 neutral bosons. The range of resonance masses explored extends from 1.0 TeV to 6.8 TeV. At these high resonance masses, it is beneficial to target the hadronic decays of the $W$ and $Z$ bosons because of their large branching fractions. The decay products of the high-momentum $W/Z$ bosons are strongly collimated and boosted-boson tagging techniques are employed to improve the sensitivity. No evidence of a signal above the Standard Model backgrounds is observed, and upper limits on the production cross-sections of these bosons times their branching fractions to $Wγ$ and $Zγ$ are derived for various boson production models."
1402.3051,"A search is reported for a neutral Higgs boson in the decay channel H-&gt;Z gamma, Z-&gt;l+l- (l=e, mu), using 4.5 fb-1 of pp collisions at sqrt(s) = 7 TeV and 20.3 fb-1 of pp collisions at sqrt(s) = 8 TeV, recorded by the ATLAS detector at the CERN Large Hadron Collider. The observed distribution of the invariant mass of the three final-state particles, m(llgamma), is consistent with the Standard Model hypothesis in the investigated mass range of 120-150 GeV. For a Higgs boson with a mass of 125.5 GeV, the observed upper limit at the 95% confidence level is 11 times the Standard Model expectation. Upper limits are set on the cross section times branching ratio of a neutral Higgs boson with mass in the range 120-150 GeV between 0.13 and 0.5 pb for sqrt(s)=8 TeV at 95% confidence level."
2507.12598,"A search for the Higgs boson decay to a $Z$ boson and a photon in the $\ell\ellγ$ ($\ell = e, μ$) final state is performed using $pp$ collisions at $\sqrt{s}=13.6$ TeV recorded with the ATLAS detector at the Large Hadron Collider during 2022-2024, corresponding to an integrated luminosity of 165 fb$^{-1}$. The signal yield, normalised to the Standard Model prediction, is measured to be $μ=0.9^{+0.7}_{-0.6}$, compared to an expected value of $μ=1.0\pm0.7$. This corresponds to an observed (expected) signal significance of 1.4 (1.5) standard deviations for the background-only hypothesis. This result is combined with that of a similar search performed with 140 fb$^{-1}$ of $\sqrt{s}=13$ TeV $pp$ collisions to provide the most stringent expected sensitivity to date to this rare decay, namely an observed (expected) signal strength of $μ= 1.3^{+0.6}_{-0.5}$ ($μ= 1.0^{+0.6}_{-0.5}$), corresponding to an observed (expected) significance of 2.5 (1.9) standard deviations. The measurement is consistent with the Standard Model expectation."
2007.05293,"A search for heavy resonances decaying into a $W$ or $Z$ boson and a Higgs boson produced in proton$-$proton collisions at the Large Hadron Collider at $\sqrt{s} = 13$ TeV is presented. The analysis utilizes the dominant $W \to q \bar{q}^\prime$ or $Z \to q \bar{q}$ and $H \to b \bar{b}$ decays with substructure techniques applied to large-radius jets. A sample corresponding to an integrated luminosity of 139 fb$^{-1}$ collected with the ATLAS detector is analyzed and no significant excess of data is observed over the background prediction. The results are interpreted in the context of the Heavy Vector Triplet model with spin-1 $W^\prime$ and $Z^\prime$ bosons. Upper limits on the cross section are set for resonances with mass between 1.5 and 5.0 TeV, ranging from 6.8 to 0.53 fb for $W^\prime \to WH$ and from 8.7 to 0.53 fb for $Z^\prime \to ZH$ at the 95 % confidence level."
2008.05928,"This Letter presents a search for the production of new heavy resonances decaying into a Higgs boson and a photon using proton-proton collision data at $\sqrt{s}=13$ TeV collected by the ATLAS detector at the LHC. The data correspond to an integrated luminosity of 139 fb$^{-1}$. The analysis is performed by reconstructing hadronically decaying Higgs boson $(H\to b\bar{b})$ candidates as single large-radius jets. A novel algorithm using information about the jet constituents in the center-of-mass frame of the jet is implemented to identify the two $b$-quarks in the single jet. No significant excess of events is observed above the expected background. Upper limits are set on the production cross-section times branching fraction for narrow spin-1 resonances decaying into a Higgs boson and a photon in the resonance mass range from 0.7 to 4 TeV, cross-sections times branching fraction are excluded between 11.6 fb and 0.11 fb at a 95% confidence level."
2209.15345,"A generic search for resonances is performed with events containing a $Z$ boson with transverse momentum greater than 100 GeV, decaying into $e^+e^-$ or $μ^+μ^-$. The analysed data collected with the ATLAS detector in proton-proton collisions at a centre-of-mass energy of 13 TeV at the Large Hadron Collider correspond to an integrated luminosity of 139 fb$^{-1}$. Two invariant mass distributions are examined for a localised excess relative to the expected Standard Model background in six independent event categories (and their inclusive sum) to increase the sensitivity. No significant excess is observed. Exclusion limits at 95% confidence level are derived for two cases: a model-independent interpretation of Gaussian-shaped resonances with the mass width between 3% and 10% of the resonance mass, and a specific heavy vector triplet model with the decay mode $W'\to ZW \to \ell\ell qq$."
1205.5371,"A search for top quark pair resonances in final states containing at least one electron or muon has been performed with the ATLAS experiment at the CERN Large Hadron Collider. The search uses a data sample corresponding to an integrated luminosity of 2.05 fb^-1, which was recorded in 2011 at a proton-proton centre-of-mass energy of 7 TeV. No evidence for a resonance is found and limits are set on the production cross-section times branching ratio to ttbar for narrow and wide resonances. For narrow Z' bosons, the observed 95% credibility level limits range from 9.3 pb to 0.95 pb for masses in the range of m_Z' = 500 GeV to m_Z' = 1300 GeV. The corresponding excluded mass region for a leptophobic topcolour Z' boson (Kaluza-Klein gluon excitation in the Randall-Sundrum model) is m_Z' &lt; 880 GeV (m_{g_KK} &lt; 1130 GeV)."
1207.2409,A search for resonant production of high-mass top-quark pairs is performed on 2.05 fb^-1 of proton-proton collisions at sqrt(s) = 7 TeV collected in 2011 with the ATLAS experiment at the Large Hadron Collider. This analysis of the lepton+jets final state is specifically designed for the particular topology that arises from the decay of highly boosted top quarks. The observed ttbar invariant mass spectrum is found to be compatible with the Standard Model prediction and 95% credibility level upper limits are derived on the ttbar production rate through new massive states. An upper limit of 0.7 pb is set on the production cross section times branching fraction of a narrow 1 TeV resonance. A Kaluza-Klein gluon with a mass smaller than 1.5 TeV is excluded.
1211.2202,"A search for resonances produced in 7 TeV proton-proton collisions and decaying into top-quark pairs is described. In this Letter events where the top-quark decay produces two massive jets with large transverse momenta recorded with the ATLAS detector at the Large Hadron Collider are considered. Two techniques that rely on jet substructure are used to separate top-quark jets from those arising from light quarks and gluons. In addition, each massive jet is required to have evidence of an associated bottom-quark decay. The data are consistent with the Standard Model, and limits can be set on the production cross section times branching fraction of a Z' boson and a Kaluza-Klein gluon resonance. These limits exclude, at the 95% credibility level, Z' bosons with masses 0.70-1.00 TeV as well as 1.28-1.32 TeV and Kaluza-Klein gluons with masses 0.70-1.62 TeV."
1305.2756,"A search for new particles that decay into top quark pairs (ttbar) is performed with the ATLAS experiment at the LHC using an integrated luminosity of 4.7 fb^-1 of proton-proton (pp) collision data collected at a center-of-mass energy sqrt(s)=7 TeV. In the ttbar --&gt; WbWb decay, the lepton plus jets final state is used, where one W boson decays leptonically and the other hadronically. The ttbar system is reconstructed using both small-radius and large-radius jets, the latter being supplemented by a jet substructure analysis. A search for local excesses in the number of data events compared to the Standard Model expectation in the ttbar invariant mass spectrum is performed. No evidence for a ttbar resonance is found and 95% credibility-level limits on the production rate are determined for massive states predicted in two benchmark models. The upper limits on the cross section times branching ratio of a narrow Z' resonance range from 5.1 pb for a boson mass of 0.5 TeV to 0.03 pb for a mass of 3 TeV. A narrow leptophobic topcolor Z' resonance with a mass below 1.74 TeV is excluded. Limits are also derived for a broad color-octet resonance with Gamma/m = 15.3%. A Kaluza-Klein excitation of the gluon in a Randall-Sundrum model is excluded for masses below 2.07 TeV."
1505.07018,"A search for new particles that decay into top quark pairs is reported. The search is performed with the ATLAS experiment at the LHC using an integrated luminosity of 20.3 fb$^{-1}$ of proton-proton collision data collected at a centre-of-mass energy of $\sqrt{s}=8$ TeV. The lepton-plus-jets final state is used, where the top pair decays to $W^+bW^-\bar{b}$, with one $W$ boson decaying leptonically and the other hadronically. The invariant mass spectrum of top quark pairs is examined for local excesses or deficits that are inconsistent with the Standard Model predictions. No evidence for a top quark pair resonance is found, and 95% confidence-level limits on the production rate are determined for massive states in benchmark models. The upper limits on the cross-section times branching ratio of a narrow $Z'$ boson decaying to top pairs range from 4.2 pb to 0.03 pb for resonance masses from 0.4 TeV to 3.0 TeV. A narrow leptophobic topcolour $Z'$ boson with mass below 1.8 TeV is excluded. Upper limits are set on the cross-section times branching ratio for a broad colour-octet resonance with $Γ/m =$ 15% decaying to $t\bar{t}$. These range from 2.5 pb to 0.03 pb for masses from 0.4 TeV to 3.0 TeV. A Kaluza-Klein excitation of the gluon in a Randall-Sundrum model is excluded for masses below 2.2 TeV."
1707.06025,"A search for heavy pseudoscalar ($A$) and scalar ($H$) Higgs bosons decaying into a top quark pair ($t\bar{t}$) has been performed with 20.3 fb$^{-1}$ of proton--proton collision data collected by the ATLAS experiment at the Large Hadron Collider at a center-of-mass energy of $\sqrt{s} = 8$ TeV. Interference effects between the signal process and Standard Model $t\bar{t}$ production, which are expected to distort the signal shape from a single peak to a peak--dip structure, are taken into account. No significant deviation from the Standard Model prediction is observed in the $t\bar{t}$ invariant mass spectrum in final states with an electron or muon, large missing transverse momentum, and at least four jets. The results are interpreted within the context of a type-II two-Higgs-doublet model. Exclusion limits on the signal strength are derived as a function of the mass $m_{A/H}$ and the ratio of the vacuum expectation values of the two Higgs fields, $\tanβ$, for $m_{A/H} &gt; 500$ GeV."
1804.10823,"A search for new heavy particles that decay into top-quark pairs is performed using data collected from proton-proton collisions at a centre-of-mass energy of 13 TeV by the ATLAS detector at the Large Hadron Collider. The integrated luminosity of the data sample is 36.1 fb$^{-1}$. Events consistent with top-quark pair production are selected by requiring a single isolated charged lepton, missing transverse momentum and jet activity compatible with a hadronic top-quark decay. Jets identified as likely to contain $b$-hadrons are required to reduce the background from other Standard Model processes. The invariant mass spectrum of the candidate top-quark pairs is examined for excesses above the background expectation. No significant deviations from the Standard Model predictions are found. Exclusion limits are set on the production cross-section times branching ratio for hypothetical $Z'$ bosons, Kaluza-Kein gluons and Kaluza-Klein gravitons that decay into top-quark pairs."
1902.10077,"A search for new particles decaying into a pair of top quarks is performed using proton-proton collision data recorded with the ATLAS detector at the Large Hadron Collider at a center-of-mass energy of $\sqrt{s} = $13 TeV corresponding to an integrated luminosity of 36.1 fb$^{-1}$. Events consistent with top-quark pair production and the fully hadronic decay mode of the top quarks are selected by requiring multiple high transverse momentum jets including those containing $b$-hadrons. Two analysis techniques, exploiting dedicated top-quark pair reconstruction in different kinematic regimes, are used to optimize the search sensitivity to new hypothetical particles over a wide mass range. The invariant mass distribution of the two reconstructed top-quark candidates is examined for resonant production of new particles with various spins and decay widths. No significant deviation from the Standard Model prediction is observed and limits are set on the production cross-section times branching fraction for new hypothetical $Z'$ bosons, dark-matter mediators, Kaluza-Klein gravitons and Kaluza-Klein gluons. By comparing with the predicted production cross-sections, the $Z'$ boson in the topcolor-assisted-technicolor model is excluded for masses up to 3.1$-$3.6 TeV, the dark-matter mediators in a simplified framework are excluded in the mass ranges from 0.8 TeV to 0.9 TeV and from 2.0 TeV to 2.2 TeV, and the Kaluza-Klein gluon is excluded for masses up to 3.4 TeV, depending on the decay widths of the particles."
2005.05138,"This paper presents a search for new heavy particles decaying into a pair of top quarks using 139 fb$^{-1}$ of proton--proton collision data recorded at a centre-of-mass energy of $\sqrt{s}=13$ TeV with the ATLAS detector at the Large Hadron Collider. The search is performed using events consistent with pair production of high-transverse-momentum top quarks and their subsequent decays into the fully hadronic final states. The analysis is optimized for resonances decaying into a $t\bar{t}$ pair with mass above 1.4 TeV, exploiting a dedicated multivariate technique with jet substructure to identify hadronically decaying top quarks using large-radius jets and evaluating the background expectation from data. No significant deviation from the background prediction is observed. Limits are set on the production cross-section times branching fraction for the new $Z'$ boson in a topcolor-assisted-technicolor model. The $Z'$ boson masses below 3.9 and 4.7 TeV are excluded at 95% confidence level for the decay widths of 1% and 3%, respectively."
2404.18986,"A search for heavy pseudo-scalar ($A$) and scalar ($H$) Higgs bosons decaying into a top-quark pair ($t\bar{t}$) has been performed with 140 fb$^{-1}$ of proton-proton collision data collected by the ATLAS experiment at the Large Hadron Collider at a centre-of-mass energy of $\sqrt{s}=13$ TeV. Interference effects between the signal process and Standard Model (SM) $t\bar{t}$ production are taken into account. Final states with exactly one or exactly two electrons or muons are considered. No significant deviation from the SM prediction is observed. The results of the search are interpreted in the context of a two-Higgs-doublet model (2HDM) of type II in the alignment limit with mass-degenerate pseudo-scalar and scalar Higgs bosons ($m_A = m_H$) and the hMSSM parameterisation of the minimal supersymmetric extension of the Standard Model. Ratios of the two vacuum expectation values, $\tanβ$, smaller than 3.49 (3.16) are excluded at 95% confidence level for $m_A = m_H = 400$ GeV in the 2HDM (hMSSM). Masses up to 1240 GeV are excluded for the lowest tested $\tanβ$ value of 0.4 in the 2HDM. In the hMSSM, masses up to 950 GeV are excluded for $\tanβ=1.0$. In addition, generic exclusion limits are derived separately for single scalar and pseudo-scalar states for different choices of their mass and total width."
2512.17856,"A search for heavy spin-1 and spin-2 resonances decaying into a top-antitop-quark pair has been performed with 140 fb$^{-1}$ of proton-proton collision data collected by the ATLAS experiment at the Large Hadron Collider at a centre-of-mass energy of $\sqrt{s}=13$ TeV. Final states with either exactly one electron or muon, or exactly two leptons ($ee$, $μμ$ or $eμ$), large missing transverse momentum, and two jets, at least one of which must be identified as likely containing a b-hadron decay, are considered. The search targets resonances with both narrow and broad widths relative to the detector resolution, and with masses in the range of 0.4-5.0 TeV. No significant deviation from the Standard Model prediction is observed. Exclusion limits are set on the production cross-section times branching ratio for hypothetical $Z'$ bosons, Kaluza-Klein gravitons, and Kaluza-Klein gluons that decay into top-quark pairs."
1503.05425,"A search has been performed for pair production of heavy vector-like down-type ($B$) quarks. The analysis explores the lepton-plus-jets final state, characterized by events with one isolated charged lepton (electron or muon), significant missing transverse momentum and multiple jets. One or more jets are required to be tagged as arising from $b$-quarks, and at least one pair of jets must be tagged as arising from the hadronic decay of an electroweak boson. The analysis uses the full data sample of $pp$ collisions recorded in 2012 by the ATLAS detector at the LHC, operating at a center-of-mass energy of 8 TeV, corresponding to an integrated luminosity of 20.3 fb$^{-1}$. No significant excess of events is observed above the expected background. Limits are set on vector-like $B$ production, as a function of the $B$ branching ratios, assuming the allowable decay modes are $B \rightarrow Wt/Zb/Hb$. In the chiral limit with a branching ratio of 100% for the decay $B \rightarrow Wt$, the observed (expected) 95% CL lower limit on the vector-like $B$ mass is 810 GeV (760 GeV). In the case where the vector-like $B$ quark has branching ratio values corresponding to those of an $SU(2)$ singlet state, the observed (expected) 95% CL lower limit on the vector-like $B$ mass is 640 GeV (505 GeV). The same analysis, when used to investigate pair production of a colored, charge 5/3 exotic fermion $T_{5/3}$, with subsequent decay $T_{5/3} \rightarrow Wt$, sets an observed (expected) 95% CL lower limit on the $T_{5/3}$ mass of 840 GeV (780 GeV)."
1602.05606,"A search for singly produced vector-like $Q$ quarks, where $Q$ can be either a $T$ quark with charge $+2/3$ or a $Y$ quark with charge $-4/3$, is performed in proton-proton collisions recorded with the ATLAS detector at the LHC. The dataset corresponds to an integrated luminosity of 20.3 fb$^{-1}$ and was produced with a centre-of-mass energy of $\sqrt{s}=8$ TeV. This analysis targets $Q \to Wb$ decays where the $W$ boson decays leptonically. A veto on massive large-radius jets is used to reject the dominant $t\bar{t}$ background. The reconstructed $Q$-candidate mass, ranging from 0.4 to 1.2 TeV, is used in the search to discriminate signal from background processes. No significant deviation from the Standard Model expectation is observed, and limits are set on the $Q \to Wb$ cross-section times branching ratio. The results are also interpreted as limits on the $QWb$ coupling and the mixing with the Standard Model sector for a singlet $T$ quark or a $Y$ quark from a doublet. $T$ quarks with masses below 0.95 TeV are excluded at 95% confidence level, assuming a unit coupling and a BR$(T\rightarrow Wb) = 0.5$, whereas the expected limit is 1.10 TeV."
1602.06034,"A search is performed for the process $pp \to G^* \to B_H\bar b/\bar B_H b \to H b \bar b \to b\bar bb\bar b$, predicted in composite Higgs scenarios, where $G^*$ is a heavy colour octet vector resonance and $B_H$ a vector-like quark of charge $-1/3$. The data were obtained from $pp$ collisions at a centre-of-mass energy of 8 TeV corresponding to an integrated luminosity of 19.5 fb$^{-1}$, recorded by the ATLAS detector at the LHC. The largest background, multijet production, is estimated using a data-driven method. No significant excess of events with respect to Standard Model predictions is observed, and upper limits on the production cross section times branching ratio are set. Comparisons to the predictions from a specific benchmark model are made, resulting in lower mass limits in the two-dimensional mass plane of $m_{G^*}$ vs. $m_{B_H}$."
1812.07343,"A search for singly produced vector-like quarks $Q$, where $Q$ can be either a $T$ quark with charge $+2/3$ or a $Y$ quark with charge $-4/3$, is performed in proton-proton collision data at a centre-of-mass energy of 13 TeV corresponding to an integrated luminosity of $36.1 \text{fb}^{-1}$, recorded with the ATLAS detector at the LHC in 2015 and 2016. The analysis targets $Q \to Wb$ decays where the $W$ boson decays leptonically. No significant deviation from the expected Standard Model background is observed. Upper limits are set on the $QWb$ coupling strength and the mixing between the Standard Model sector and a singlet $T$ quark or a $Y$ quark from a $(B,Y)$ doublet or a $(T,B,Y)$ triplet, taking into account the interference effects with the Standard Model background. The upper limits set on the mixing angle are as small as $|\sin{θ_{\text{L}}}|= 0.18$ for a singlet $T$ quark of mass 800 GeV, $|\sin{θ_{\text{R}}}|= 0.17$ for a $Y$ quark of mass 800 GeV in a $(B,Y)$ doublet model and $|\sin{θ_{\text{L}}}|= 0.16$ for a $Y$ quark of mass 800 GeV in a $(T,B,Y)$ triplet model. Within a $(B,Y)$ doublet model, the limits set on the mixing parameter $|\sin{θ_{\text{R}}}|$ are comparable with the exclusion limits from electroweak precision observables in the mass range between about 900 GeV and 1250 GeV."
2201.07045,"A search is made for a vector-like $T$ quark decaying into a Higgs boson and a top quark in 13 TeV proton-proton collisions using the ATLAS detector at the Large Hadron Collider with a data sample corresponding to an integrated luminosity of 139 fb$^{-1}$. The Higgs-boson and top-quark candidates are identified in the all-hadronic decay mode, where $H\to b\bar{b}$ and $t\to b W \to b q \bar{q}^\prime$ are reconstructed as large-radius jets. The candidate Higgs boson, top quark, and associated B-hadrons are identified using tagging algorithms. No significant excess is observed above the background, so limits are set on the production cross-section of a singlet $T$ quark at 95% confidence level, depending on the mass, $m_T$, and coupling, $κ_T$, of the vector-like $T$ quark to Standard Model particles. In the considered mass range between 1.0 and 2.3 TeV, the upper limit on the allowed coupling values increases with $m_T$ from a minimum value of 0.35 for 1.07 &lt; $m_T$ &lt; 1.4 TeV to 1.6 for $m_T$ = 2.3 TeV."
2305.03401,"This paper describes a search for the single production of an up-type vector-like quark ($T$) decaying as $T \rightarrow Ht$ or $T \rightarrow Zt$. The search utilises a dataset of $pp$ collisions at $\sqrt{s}=13$ TeV collected with the ATLAS detector during the 2015-2018 data-taking period of the Large Hadron Collider, corresponding to an integrated luminosityof 139 fb$^{-1}$. Data are analysed in final states containing a single lepton with multiple jets and $b$-jets. The presence of boosted heavy resonances in the event is exploited to discriminate the signal from the Standard Model background. No significant excess above the Standard Model expectation is observed, and 95% CL upper limits are set on the production cross section of $T$ quarks in different decay channels. The results are interpreted in several benchmark scenarios to set limits on the mass and universal coupling strength ($κ$) of the vector-like quark. For singlet $T$ quarks, $κ$ values above 0.53 are excluded for all masses below 2.3 TeV. At a mass of 1.6 TeV, $κ$ values as low as 0.35 are excluded. For $T$ quarks in the doublet scenario, where the production cross section is much lower, $κ$ values above 0.72 are excluded for all masses below 1.7 TeV, and this exclusion is extended to $κ$ above 0.55 for low masses around 1.0 TeV."
2308.02595,"A search is presented for single production of a vector-like $B$ quark decaying into a Standard Model $b$-quark and a Standard Model Higgs boson, which decays into a $b\bar{b}$ pair. The search is carried out in 139 fb$^{-1}$ of $\sqrt{s} = 13$ TeV proton-proton collision data collected by the ATLAS detector at the LHC between 2015 and 2018. No significant deviation from the Standard Model background prediction is observed, and mass-dependent exclusion limits at the 95% confidence level are set on the resonance production cross-section in several theoretical scenarios determined by the couplings $c_W$, $c_Z$ and $c_H$ between the $B$ quark and the Standard Model $W$, $Z$ and Higgs bosons, respectively. For a vector-like $B$ occurring as an isospin singlet, the search excludes values of $c_W$ greater than 0.45 for a $B$ resonance mass ($m_B$) between 1.0 and 1.2 TeV. For 1.2 TeV &lt; $m_B$ &lt; 2.0 TeV, $c_W$ values larger than 0.50-0.65 are excluded. If the $B$ occurs as part of a $(B,Y)$ doublet, the smallest excluded $c_Z$ coupling values range between 0.3 and 0.5 across the investigated resonance mass range 1.0 TeV &lt; $m_B$ &lt; 2.0 TeV."
2409.20273,"A search for $T$ and $Y$ vector-like quarks produced in proton-proton collisions at a centre-of-mass energy of $13\,\text{TeV}$ and decaying into $Wb$ in the fully hadronic final state is presented. The search uses 139 fb$^{-1}$ of data collected by the ATLAS detector at the LHC from 2015 to 2018. The final state is characterised by a hadronically decaying $W$ boson with large Lorentz boost and a $b$-tagged jet, which are used to reconstruct the invariant mass of the vector-like quark candidate. The main background is QCD multijet production, which is estimated using a data-driven method. Upon finding no significant excess in data, mass limits at 95% confidence level are obtained as a function of the global coupling parameter, $κ$. The observed lower limits on the masses of $Y$ quarks with $κ= 0.5$ and $κ= 0.7$ are 2.0 TeV and 2.4 TeV, respectively. For $T$ quarks, the observed mass limits are 1.4 TeV for $κ= 0.5$ and 1.9 TeV for $κ= 0.7$."
2506.15515,"A search for single production of a vector-like quark $Q$, which could be either a singlet $T$, with charge $\tfrac23$, or a $Y$ from a $(T,B,Y)$ triplet, with charge $-\tfrac43$, is performed using data from proton-proton collisions at a centre-of-mass energy of 13 TeV. The data correspond to the full integrated luminosity of 140 fb$^{-1}$ recorded with the ATLAS detector during Run~2 of the Large Hadron Collider. The analysis targets $Q \to Wb$ decays where the $W$ boson decays leptonically. The data are found to be consistent with the expected Standard Model background, so upper limits are set on the cross-section times branching ratio, and on the coupling of the $Q$ to the Standard Model sector for these two benchmark models. Effects of interference with the Standard Model background are taken into account. For the singlet $T$, the 95% confidence level limit on the coupling strength $κ$ ranges between 0.22 and 0.52 for masses from 1150 to 2300 GeV. For the $(T,B,Y)$ triplet, the limits on $κ$ vary from 0.14 to 0.46 for masses from 1150 to 2600 GeV."
2605.28538,"A search for pair-produced vector-like $T$-quarks in 139 fb$^{-1}$ of $pp$ collisions recorded by the ATLAS detector at a centre-of-mass energy $\sqrt{s}$=13 TeV is presented. The search targets signal events where at least one $T$-quark decays into a Higgs boson and a top quark, $T\rightarrow Ht$, with subsequent decays of the Higgs boson into a bottom quark-antiquark pair, $H\rightarrow b\bar{b}$, and the top quark into a light charged lepton, a neutrino and a bottom quark, $t\rightarrow\ell^+ν_\ell b$, where $\ell=e/μ$. The decay products of boosted heavy resonances are reconstructed using variable-radius, reclustered jets, and a neural network is employed to discriminate signal from Standard Model background processes. A profile-likelihood fit to the effective mass distribution is performed, and no excess above the Standard Model prediction is observed. Exclusion limits at 95% confidence level are set on the $T$-quark pair-production cross-section, corresponding to lower mass limits of 1.40 TeV in the SU(2) singlet representation, 1.56 TeV in the SU(2) doublet representation, and 1.66 TeV assuming the branching fraction of $T$-quarks to $Ht$ to be 100%."
2607.28381,A search for pair-produced vector-like T quarks (VLQs) is presented. Each VLQ is assumed to decay into a top quark and an exotic (pseudo)scalar S. The search targets events with at least one resonant $S \to γγ$ decay and large summed transverse momentum and missing transverse momentum from other final-state particles. The analysis uses data from $pp$ collisions at a centre-of-mass energy of $\sqrt{s}$ = 13 TeV recorded by the ATLAS detector from 2015 to 2018 and corresponding to an integrated luminosity of 140 fb$^{-1}$. This is the first VLQ search performed in this final state. No significant excess over the Standard Model background is observed. The analysis is model-independent to a large extent but targets cascade decays into final states with electroweak bosons or $t\bar{t}$. Results are provided in the form of upper limits on the fiducial cross-section times branching ratio as a function of the masses of the VLQ and the spin-0 particle. The fiducial volume is defined by kinematic requirements on the photons from the spin-0 decay.
1205.1016,"This Letter presents a search for tb resonances in 1.04/fb of LHC proton-proton collision data collected by the ATLAS detector at a center-of-mass energy of 7 TeV. Events with a lepton, missing transverse momentum, and two jets are selected and the invariant mass of the corresponding final state is reconstructed. The search exploits the shape of the tb invariant mass distribution compared to the expected Standard Model backgrounds. The model of a right-handed W'_R with Standard Model-like couplings is chosen as the benchmark model for this search. No statistically significant excess of events is observed in data, and upper limits on the cross section times the branching ratio of W'_R resonances at 95% CL lie in the range 6.1-1.0 pb for W'_R masses ranging from 0.5 to 2.0 TeV. These limits are translated into a lower bound on the allowed right-handed W'_R mass, giving m_{W'_R} &gt; 1.13 TeV at 95% CL."
1408.0886,"A search for a massive $W'$ gauge boson decaying to a top quark and a bottom quark is performed with the ATLAS detector in $pp$ collisions at the LHC. The dataset was taken at a centre-of-mass energy of $\sqrt{s} = 8$ TeV and corresponds to 20.3 fb$^{-1}$ of integrated luminosity. This analysis is done in the hadronic decay mode of the top quark, where novel jet substructure techniques are used to identify jets from high-momentum top quarks. This allows for a search for high-mass $W'$ bosons in the range $1.5 - 3.0$ TeV. $b$-tagging is used to identify jets originating from $b$-quarks. The data are consistent with Standard Model background-only expectations, and upper limits at 95% confidence level are set on the $W' \rightarrow tb$ cross section times branching ratio ranging from $0.16$ pb to $0.33$ pb for left-handed $W'$ bosons, and ranging from $0.10$ pb to $0.21$ pb for $W'$ bosons with purely right-handed couplings. Upper limits at 95% confidence level are set on the $W'$-boson coupling to $tb$ as a function of the $W'$ mass using an effective field theory approach, which is independent of details of particular models predicting a $W'$ boson."
1410.4103,"A search for new charged massive gauge bosons, called $W'$, is performed with the ATLAS detector at the LHC, in proton-proton collisions at a centre-of-mass energy of $\sqrt{s}$ = 8 TeV, using a dataset corresponding to an integrated luminosity of 20.3 fb$^{-1}$. This analysis searches for $W'$ bosons in the $W' \to t\bar{b}$ decay channel in final states with electrons or muons, using a multivariate method based on boosted decision trees. The search covers masses between 0.5 and 3.0 TeV, for right-handed or left-handed $W'$ bosons. No significant deviation from the Standard Model expectation is observed and limits are set on the $W' \to t\bar{b}$ cross-section times branching ratio and on the $W'$-boson effective couplings as a function of the $W'$-boson mass using the CL$_s$ procedure. For a left-handed (right-handed) $W'$ boson, masses below 1.70 (1.92) TeV are excluded at 95% confidence level."
1512.03704,"Charged Higgs bosons heavier than the top quark and decaying via $H^{\pm} \rightarrow tb$ are searched for in proton--proton collisions measured with the ATLAS experiment at $\sqrt{s}=8$ TeV corresponding to an integrated luminosity of 20.3 fb$^{-1}$. The production of a charged Higgs boson in association with a top quark, $gb \rightarrow tH^{\pm}$, is explored in the mass range 200 to 600 GeV using multi-jet final states with one electron or muon. In order to separate the signal from the Standard Model background, analysis techniques combining several kinematic variables are employed. An excess of events above the background-only hypothesis is observed across a wide mass range, amounting to up to 2.4 standard deviations. Upper limits are set on the $gb\rightarrow tH^{\pm}$ production cross section times the branching fraction $\mathrm{BR}(H^{\pm} \rightarrow tb)$. Additionally, the complementary $s$-channel production, $qq' \rightarrow H^{\pm}$, is investigated through a reinterpretation of $W' \rightarrow tb$ searches in ATLAS. Final states with one electron or muon are relevant for $H^{\pm}$ masses from 0.4 to 2.0 TeV, whereas the all-hadronic final state covers the range 1.5 to 3.0 TeV. In these search channels, no significant excesses from the predictions of the Standard Model are observed, and upper limits are placed on the $qq' \rightarrow H^{\pm}$ production cross section times the branching fraction BR$(H^{\pm} \rightarrow tb)$."
1801.07893,"A search for $W'$-boson production in the $W' \rightarrow t\bar{b} \rightarrow q\bar{q}' b\bar{b}$ decay channel is presented using 36.1 fb$^{-1}$ of 13 TeV proton-proton collision data collected by the ATLAS detector at the Large Hadron Collider in 2015 and 2016. The search is interpreted in terms of both a left-handed and a right-handed chiral $W'$ boson within the mass range 1-5 TeV. Identification of the hadronically decaying top quark is performed using jet substructure tagging techniques based on a shower deconstruction algorithm. No significant deviation from the Standard Model prediction is observed and the results are expressed as upper limits on the $W' \rightarrow t\bar{b}$ production cross-section times branching ratio as a function of the $W'$-boson mass. These limits exclude $W'$ bosons with right-handed couplings with masses below 3.0 TeV and $W'$ bosons with left-handed couplings with masses below 2.9 TeV, at the 95% confidence level."
1807.10473,"A search for new charged massive gauge bosons, $W^\prime$, is performed with the ATLAS detector at the LHC. Data were collected in proton-proton collisions at a centre-of-mass energy of $\sqrt{s}$ = 13 TeV and correspond to an integrated luminosity of 36.1 $\textrm{fb}^{-1}$. This analysis searches for $W^\prime$ bosons in the $W^\prime \rightarrow t\bar{b}$ decay channel in final states with an electron or muon plus jets. The search covers resonance masses between 0.5 and 5.0 TeV and considers right-handed $W^\prime$ bosons. No significant deviation from the Standard Model (SM) expectation is observed and upper limits are set on the $W^\prime \rightarrow t\bar{b}$ cross section times branching ratio and the $W^\prime$ boson effective couplings as a function of the $W^\prime$ boson mass. For right-handed $W^\prime$ bosons with coupling to the SM particles equal to the SM weak coupling constant, masses below 3.15 TeV are excluded at the 95% confidence level. This search is also combined with a previously published ATLAS result for $W^\prime \rightarrow t\bar{b}$ in the fully hadronic final state. Using the combined searches, right-handed $W^\prime$ bosons with masses below 3.25 TeV are excluded at the 95% confidence level."
1808.03599,"A search for charged Higgs bosons heavier than the top quark and decaying via $H^\pm \rightarrow tb$ is presented. The data analysed corresponds to 36.1 fb$^{-1}$ of $pp$ collisions at $\sqrt{s}$ = 13 TeV and was recorded with the ATLAS detector at the LHC in 2015 and 2016. The production of a charged Higgs boson in association with a top quark and a bottom quark, $pp \rightarrow tb H^\pm$, is explored in the mass range from $m_{H^\pm}$ = 200 to 2000 GeV using multi-jet final states with one or two electrons or muons. Events are categorised according to the multiplicity of jets and how likely these are to have originated from hadronisation of a bottom quark. Multivariate techniques are used to discriminate between signal and background events. No significant excess above the background-only hypothesis is observed and exclusion limits are derived for the production cross-section times branching fraction of a charged Higgs boson as a function of its mass, which range from 2.9 pb at $m_{H^\pm}$ = 200 GeV to 0.070 pb at $m_{H^\pm}$ = 2000 GeV. The results are interpreted in two benchmark scenarios of the Minimal Supersymmetric Standard Model."
2102.10076,"A search for charged Higgs bosons decaying into a top quark and a bottom quark is presented. The data analysed correspond to 139 fb$^{-1}$ of proton-proton collisions at $\sqrt{s}$=13TeV, recorded with the ATLAS detector at the LHC. The production of a heavy charged Higgs boson in association with a top quark and a bottom quark, $pp\rightarrow tbH^{+}\rightarrow tbtb$, is explored in the $H^+$ mass range from 200 to 2000 GeV using final states with jets and one electron or muon. Events are categorised according to the multiplicity of jets and $b$-tagged jets, and multivariate analysis techniques are used to discriminate between signal and background events. No significant excess above the background-only hypothesis is observed and exclusion limits are derived for the production cross-section times branching ratio of a charged Higgs boson as a function of its mass; they range from 3.6 pb at 200 GeV to 0.036 pb at 2000 GeV at 95% confidence level. The results are interpreted in the hMSSM and $M_h^{125}$ scenarios."
2308.08521,"A search for a new massive charged gauge boson, $W'$, is performed with the ATLAS detector at the LHC. The dataset used in this analysis was collected from proton-proton collisions at a centre-of-mass energy of $\sqrt{s} =13$ TeV, and corresponds to an integrated luminosity of 139 fb$^{-1}$. The reconstructed $tb$ invariant mass is used to search for a $W'$ boson decaying into a top quark and a bottom quark. The result is interpreted in terms of a $W'$ boson with purely right-handed or left-handed chirality in a mass range of 0.5-6 TeV. Different values for the coupling of the $W'$ boson to the top and bottom quarks are considered, taking into account interference with single-top-quark production in the $s$-channel. No significant deviation from the background prediction is observed. The results are expressed as upper limits on the $W' \rightarrow tb$ production cross-section times branching ratio as a function of the $W'$-boson mass and in the plane of the coupling vs the $W'$-boson mass."
1112.5755,"This letter presents a search for singly produced vector-like quarks, Q, coupling to light quarks, q. The search is sensitive to both charged current (CC) and neutral current (NC) processes, p p --&gt; Q q --&gt; W q q' and p p --&gt; Q q --&gt; Z q q' with a leptonic decay of the vector gauge boson. In 1.04/fb of data taken in 2011 by the ATLAS experiment at a center-of-mass energy sqrt(s) = 7 TeV, no evidence of such heavy vector-like quarks is observed above the expected Standard Model background. Limits on the heavy vector-like quark production cross section times branching ratio as a function of mass m_Q are obtained. For a coupling kappa_(qQ) = v/m_Q, where v is the Higgs vacuum expectation value, 95% C.L. lower limits on the mass of a vector-like quark are set at 900 GeV and 760 GeV from CC and NC processes, respectively."
1202.3076,"A search is presented for production of a heavy up-type quark (t') together with its antiparticle, assuming subsequent decay to a W boson and a b quark, t't'bar -&gt; W+b W-bbar. The search is based on 1.04 fb^-1 of proton-proton collisions at sqrt(s) = 7 TeV collected by the ATLAS detector at the CERN Large Hadron Collider. Data are analyzed in the lepton+jets final state, characterized by a high transverse momentum isolated electron or muon, high missing transverse momentum and at least three jets. No significant excess of events above the background expectation is observed. A 95% C.L. lower limit is set at m(t') &gt; 404 GeV."
1202.3389,"A search is presented for heavy-quark pair production (QQbar) under the decay hypothesis QQbar to WqWq with q = u,d,c,s,b. The search is performed with 1.04 fb^-1 of integrated luminosity from pp collisions at sqrt(s) = 7 TeV collected by the ATLAS detector at the CERN LHC. Dilepton final states are selected, requiring large missing transverse momentum and at least two jets. Mass reconstruction of heavy quark candidates is performed by assuming that the W boson decay products are nearly collinear. The data are in agreement with Standard Model expectations; a heavy quark with mass less than 350 GeV is excluded at 95% confidence level."
1202.6540,"This Letter presents a search for pair production of heavy down-type quarks decaying via b'-&gt;Wt in the lepton + jets channel, as b'b'-&gt;WtWt-&gt;bbWWWW-&gt;lvbbqqqqqq. In addition to requiring exactly one lepton, large missing transverse momentum and at least six jets, the invariant mass of nearby jet pairs is used to identify high transverse momentum W bosons. In data corresponding to an integrated luminosity of 1.04 fb^-1 from pp collisions at sqrt(s) = 7 TeV recorded with the ATLAS detector, a heavy down-type quark with mass less than 480 GeV is excluded at the 95% confidence level."
1204.1265,"A search is reported for the pair production of a new quark, b', with at least one b' decaying to a Z boson and a bottom quark. The data, corresponding to 2.0 fb^-1 of integrated luminosity, were collected from pp collisions at sqrt(s) = 7 TeV with the ATLAS detector at the CERN Large Hadron Collider. Using events with a b-tagged jet and a Z boson reconstructed from opposite-charge electrons, the mass distribution of large transverse momentum b' candidates is tested for an enhancement. No evidence for a b' signal is detected in the observed mass distribution, resulting in the exclusion at 95% confidence level of b' quarks with masses m_{b'} &lt; 400 GeV that decay entirely via b' to Z+b. In the case of a vector-like singlet b' mixing solely with the third Standard Model generation, masses m_{b'} &lt; 358 GeV are excluded."
1209.4186,"The results of a search for direct pair production of heavy top-quark partners in 4.7 fb-1 of integrated luminosity from pp collisions at sqrt(s) = 7 TeV collected by the ATLAS detector at the LHC are reported. Heavy top-quark partners decaying into a top quark and a neutral non-interacting particle are searched for in events with two leptons in the final state. No excess above the Standard Model expectation is observed. Limits are placed on the mass of a supersymmetric scalar top and of a spin-1/2 top-quark partner. A spin-1/2 top-quark partner with a mass between 300 GeV and 480 GeV, decaying to a top quark and a neutral non-interacting particle lighter than 100 GeV, is excluded at 95% confidence level."
1210.5468,"A search is presented for production of a heavy up-type quark (t') together with its antiparticle, assuming a significant branching ratio for subsequent decay into a W boson and a b quark. The search is based on 4.7 fb^-1 of pp collisions at sqrt(s)=7 TeV recorded in 2011 with the ATLAS detector at the CERN Large Hadron Collider. Data are analyzed in the lepton+jets final state, characterized by a high-transverse-momentum isolated electron or muon, large missing transverse momentum and at least three jets. The analysis strategy relies on the substantial boost of the W bosons in the t't'bar signal when mt'&gt;=400 GeV. No significant excess of events above the Standard Model expectation is observed and the result of the search is interpreted in the context of fourth-generation and vector-like quark models. Under the assumption of a branching ratio BR(t'-&gt;Wb)=1, a fourth-generation t' quark with mass lower than 656 GeV is excluded at 95% confidence level. In addition, in light of the recent discovery of a new boson of mass ~126 GeV at the LHC, upper limits are derived in the two-dimensional plane of BR(t'-&gt;Wb) versus BR(t'-&gt;Ht), where H is the Standard Model Higgs boson, for vector-like quarks of various masses."
1509.04261,"A search is presented for pair production of a new heavy quark ($Q$) that decays into a $W$ boson and a light quark ($q$) in the final state where one $W$ boson decays leptonically (to an electron or muon plus a neutrino) and the other $W$ boson decays hadronically. The analysis is performed using an integrated luminosity of 20.3 fb$^{-1}$ of $pp$ collisions at $\sqrt{s} = 8$ TeV collected by the ATLAS detector at the LHC. No evidence of $Q\bar{Q}$ production is observed. New chiral quarks with masses below 690 GeV are excluded at 95% confidence level, assuming BR$(Q\to Wq)=1$. Results are also interpreted in the context of vectorlike quark models, resulting in the limits on the mass of a vectorlike quark in the two-dimensional plane of BR$(Q\to Wq)$ versus BR$(Q\to Hq)$."
1301.1583,"The results of a search for an excited bottom-quark b* in pp collisions at sqrt(s)=7 TeV, using 4.7/fb of data collected by the ATLAS detector at the LHC are presented. In the model studied, a single b*-quark is produced through a chromomagnetic interaction and subsequently decays to a W boson and a top-quark. The search is performed in the dilepton and lepton+jets final states, which are combined to set limits on b*-quark couplings for a range of b*-quark masses. For a benchmark with unit size chromomagnetic and Standard Model-like electroweak b* couplings, b*-quarks with masses less than 870 GeV are excluded at the 95% credibility level."
1510.02664,"A search for vector-like quarks and excited quarks in events containing a top quark and a $W$ boson in the final state is reported here. The search is based on $20.3 {fb}^{-1}$ of proton--proton collision data taken at the LHC at a centre-of-mass energy of 8 TeV recorded by the ATLAS detector. Events with one or two leptons, and one, two or three jets are selected with the additional requirement that at least one jet contains a $b$-quark. Single-lepton events are also required to contain at least one large-radius jet from the hadronic decay of a high-$p_\mathrm{T}$ $W$ boson or a top quark. No significant excess over the expected background is observed and upper limits on the cross-section times branching ratio for different vector-like quark and excited-quark model masses are derived. For the excited-quark production and decay to $Wt$ with unit couplings, quarks with masses below 1500 GeV are excluded and coupling-dependent limits are set."
1209.6593,"This paper presents a search for a new heavy particle produced in association with a top or antitop quark. Two models in which the new heavy particle is a color singlet or a color triplet are considered, decaying respectively to tbarq or tq, leading to a resonance within the ttbar + jets signature. The full 2011 ATLAS pp collision dataset from the LHC (4.7 fb-1) is used to search for ttbar events produced in association with jets, in which one of the W bosons from the top quarks decays leptonically and the other decays hadronically. The data are consistent with the Standard Model expectation, and a new particle with mass below 430 GeV for both W boson and color triplet models is excluded at 95% confidence level, assuming unit right-handed coupling."
2304.01678,"A search for the associated production of a heavy resonance with a top-quark or a top-antitop-quark pair, and decaying into a $t\bar{t}$ pair is presented. The search uses the data recorded by the ATLAS detector in $pp$ collisions at $\sqrt{s}= 13$ TeV at the Large Hadron Collider during the years 2015-2018, corresponding to an integrated luminosity of 139 fb$^{-1}$. Events containing exactly one electron or muon are selected. The two hadronically decaying top quarks from the resonance decay are reconstructed using jets clustered with a large radius parameter of $R=1$. The invariant mass spectrum of the two top quark candidates is used to search for a resonance signal in the range of 1.0 TeV to 3.2 TeV. The presence of a signal is examined using an approach with minimal model dependence followed by a model-dependent interpretation. No significant excess is observed over the background expectation. Upper limits on the production cross section times branching ratio at 95% confidence level are provided for a heavy $Z^\prime$ boson based on a simplified model, for $Z^\prime$ mass between 1.0 TeV and 3.0 TeV. The observed (expected) limits range from 21 (14) fb to 119 (86) fb depending on the choice of model parameters."
2405.20061,"A search for dark mesons originating from strongly-coupled, $SU(2)$ dark flavor symmetry conserving models and decaying gaugephobically to pure Standard Model final states containing top and bottom quarks is presented. The search targets fully hadronic final states and final states with exactly one electron or muon and multiple jets. The analyzed data sample corresponds to an integrated luminosity of 140 $fb^{-1}$ of proton$-$proton collisions collected at $\sqrt{s}=13$ TeV with the ATLAS detector at the Large Hadron Collider. No significant excess over the Standard Model background expectation is observed and the results are used to set the first direct constraints on this type of model. The two-dimensional signal space of dark pion masses $m_{π_D}$ and dark rho-meson masses $m_{ρ_D}$ is scanned. For $m_{π_D}/m_{ρ_D}=0.45$, dark pions with masses $m_{π_D}&lt;940$ GeV are excluded at the 95% CL, while for $m_{π_D}/m_{ρ_D}=0.25$ masses $m_{π_D}&lt;740$ GeV are excluded."
1505.01609,"A search for the decay to a pair of new particles of either the 125 GeV Higgs boson ($h$) or a second CP-even Higgs boson ($H$) is presented. The dataset correspods to an integrated luminosity of 20.3 fb$^{-1}$ of $pp$ collisions at $\sqrt{s}=$ 8 TeV recorded by the ATLAS experiment at the LHC in 2012. The search was done in the context of the next-to-minimal supersymmetric standard model, in which the new particles are the lightest neutral pseudoscalar Higgs bosons ($a$). One of the two $a$ bosons is required to decay to two muons while the other is required to decay to two $τ$-leptons. No significant excess is observed above the expected backgrounds in the dimuon invariant mass range from 3.7 GeV to 50 GeV. Upper limits are placed on the production of $h\rightarrow{aa}$ relative to the Standard Model $gg\rightarrow{h}$ production, assuming no coupling of the $a$ boson to quarks. The most stringent limit is placed at 3.5\% for $m_a =$ 3.75 GeV. Upper limits are also placed on the production cross section of $H\rightarrow{aa}$ from 2.33 pb to 0.72 pb, for fixed $m_a$ = 5 GeV with $m_H$ ranging from 100 GeV to 500 GeV."
1606.08391,"This paper presents a dedicated search for exotic decays of the Higgs boson to a pair of new spin-zero particles, $H \rightarrow aa$, where the particle $a$ decays to $b$-quarks and has a mass in the range of 20-60 GeV. The search is performed in events where the Higgs boson is produced in association with a $W$ boson, giving rise to a signature of a lepton (electron or muon), missing transverse momentum, and multiple jets from $b$-quark decays. The analysis is based on the full dataset of $pp$ collisions at $\sqrt{s} = 13$ TeV recorded in 2015 by the ATLAS detector at the CERN Large Hadron Collider, corresponding to an integrated luminosity of 3.2 fb$^{-1}$. No significant excess of events above the Standard Model prediction is observed, and a $95\%$ confidence-level upper limit is derived for the product of the production cross section for $pp \rightarrow WH$ times the branching ratio for the decay $H \rightarrow aa \rightarrow 4b$. The upper limit ranges from 6.2 pb for an $a$-boson mass $m_a = 20$ GeV to 1.5 pb for $m_a = 60$ GeV."
1803.11145,"This Letter presents a search for exotic decays of the Higgs boson to a pair of new (pseudo)scalar particles, $H\to aa$, where the $a$ particle has a mass in the range 20-60 GeV, and where one of the $a$ bosons decays into a pair of photons and the other to a pair of gluons. The search is performed in event samples enhanced in vector-boson fusion Higgs boson production by requiring two jets with large invariant mass in addition to the Higgs boson candidate decay products. The analysis is based on the full dataset of $pp$ collisions at $\sqrt{s}= 13$ TeV recorded in 2015 and 2016 with the ATLAS detector at the CERN Large Hadron Collider, corresponding to an integrated luminosity of 36.7 fb$^{-1}$. The data are in agreement with the Standard Model predictions and an upper limit at the 95% confidence level is placed on the production cross section times the branching ratio for the decay $H\to aa\to γγgg$. This limit ranges from 3.1 pb to 9.0 pb depending on the mass of the $a$ boson."
1807.00539,"A search for decays of the Higgs boson into a pair of new spin-zero particles, $H \to aa$, where the $a$-bosons decay into a $b$-quark pair and muon pair, is presented. The search uses 36.1 fb$^{-1}$ of proton-proton collision data at $\sqrt{s}=13$ TeV recorded by the ATLAS experiment at the LHC in 2015 and 2016. No significant deviation from the Standard Model prediction is observed. Upper limits at 95% confidence level are placed on the branching ratio $(σ_H / σ_{SM}) \times B(H\to aa\to bbμμ)$, ranging from $2\times 10^{-4}$ to $10^{-3}$ in the $a$-boson mass range of 20-60 GeV. Model-independent limits are set on the visible production cross-section times the branching ratio to the $bbμμ$ final state for new physics, $σ_{vis}(X) \times B(X\to bbμμ)$, ranging from 0.1 fb to 0.73 fb for $m_{μμ}$ between 18 and 62 GeV."
2005.12236,"This paper describes a search for beyond the Standard Model decays of the Higgs boson into a pair of new spin-0 particles subsequently decaying into $b$-quark pairs, $H \rightarrow aa \rightarrow (b\bar{b})(b\bar{b})$, using proton-proton collision data collected by the ATLAS detector at the Large Hadron Collider at center-of-mass energy $\sqrt{s}=13$ TeV. This search focuses on the regime where the decay products are collimated and in the range $15 \leq m_a \leq 30$ GeV and is complementary to a previous search in the same final state targeting the regime where the decay products are well separated and in the range $20 \leq m_a \leq 60$ GeV. A novel strategy for the identification of the $a \rightarrow b\bar{b}$ decays is deployed to enhance the efficiency for topologies with small separation angles. The search is performed with 36 fb$^{-1}$ of integrated luminosity collected in 2015 and 2016 and sets upper limits on the production cross-section of $H \rightarrow aa \rightarrow (b\bar{b})(b\bar{b})$, where the Higgs boson is produced in association with a $Z$ boson."
2110.00313,"This paper presents a search for decays of the Higgs boson with a mass of 125 GeV into a pair of new pseudoscalar particles, $H\rightarrow aa$, where one $a$-boson decays into a $b$-quark pair and the other into a muon pair. The search uses 139 fb$^{-1}$ of proton-proton collision data at a center-of-mass energy of $\sqrt{s}=13$ TeV recorded between 2015 and 2018 by the ATLAS experiment at the LHC. A narrow dimuon resonance is searched for in the invariant mass spectrum between 16 GeV and 62 GeV. The largest excess of events above the Standard Model backgrounds is observed at a dimuon invariant mass of 52 GeV and corresponds to a local (global) significance of $3.3 σ$ ($1.7 σ$). Upper limits at 95% confidence level are placed on the branching ratio of the Higgs boson to the $bbμμ$ final state, $\mathcal{B}(H\rightarrow aa\rightarrow bbμμ)$, and are in the range $\text{(0.2-4.0)} \times 10^{-4}$, depending on the signal mass hypothesis."
2312.03306,"Presented is the search for anomalous Higgs boson decays into two axion-like particles (ALPs) using the full Run 2 data set of 140 fb$^{-1}$ of proton-proton collisions at a centre-of-mass energy of 13 TeV recorded by the ATLAS experiment. The ALPs are assumed to decay into two photons, providing sensitivity to recently proposed models that could explain the $(g-2)_μ$ discrepancy. This analysis covers an ALP mass range from 100 MeV to 62 GeV and ALP-photon couplings in the range $10^{-5}\, \text{TeV}^{-1}&lt;C_{aγγ}/Λ&lt;1\, \text{TeV}^{-1}$, and therefore includes signatures with significantly displaced vertices and highly collinear photons. No significant excess of events above the Standard Model background is observed. Upper limits at 95% confidence level are placed on the branching ratio of the Higgs boson to two ALPs in the four-photon final state, and are in the range of $ 10^{-5}$ to $3\times 10^{-2}$, depending on the hypothesized ALP mass and ALP-photon coupling strength."
2407.01335,"This paper presents a search for exotic decays of the Higgs boson into a pair of new pseudoscalar particles, $H\rightarrow aa$, where one pseudoscalar decays into a $b$-quark pair and the other decays into a $τ$-lepton pair, in the mass range $12\leq m_{a}\leq 60$ GeV. The analysis uses $pp$ collision data at $\sqrt{s} = 13$ TeV collected with the ATLAS detector at the LHC, corresponding to an integrated luminosity of 140 ${fb}^{-1}$. No significant excess above the Standard Model (SM) prediction is observed. Assuming the SM Higgs boson production cross-section, the search sets upper limits at 95% confidence level on the branching ratio of Higgs bosons decaying into $b\bar{b}τ^+τ^-$, $\mathcal{B}(H \rightarrow aa \rightarrow b\bar{b}τ^+τ^-)$, between 2.2% and 3.9% depending on the pseudoscalar mass."
2412.14046,"A search for exotic decays of the 125 GeV Higgs boson into a pair of new spin-0 particles, $H \to aa$, where one decays into a photon pair and the other into a $τ$-lepton pair, is presented. Hadronic decays of the $τ$-leptons are considered and reconstructed using a dedicated tagger for collimated $τ$-lepton pairs. The search uses 140 fb$^{-1}$ of proton-proton collision data at a centre-of-mass energy of $\sqrt{s}=13$ TeV recorded between 2015 and 2018 by the ATLAS experiment at the Large Hadron Collider. The search is performed in the mass range of the $a$ boson between 10 GeV and 60 GeV. No significant excess of events is observed above the Standard Model background expectation. Model-independent upper limits at 95$\% $ confidence level are set on the branching ratio of the Higgs boson to the $γγττ$ final state, $\mathcal{B}(H\to aa\to γγττ)$, ranging from 0.2$\% $ to 2$\% $, depending on the $a$-boson mass hypothesis."
2503.05463,"A search for exotic decays of the Higgs boson into a pair of low-mass scalars that subsequently decay into $τ$-leptons, $H\rightarrow aa\rightarrow τ^+τ^-τ^+τ^-$, is presented. In models with Yukawa-like couplings, the decay to $τ$-leptons is favoured for light $a$-bosons, with mass in the range of $2m_τ &lt; m_a &lt; 2m_{b}$. Results are presented in the range of $4 \, \mathrm{GeV} &lt; m_a &lt; 15 \, \mathrm{GeV} $ using the $140\,\mathrm{fb}^{-1}$ of proton-proton collisions at $\sqrt{s}=13$ TeV recorded with the ATLAS detector during Run 2 of the Large Hadron Collider. This search focuses on the scenario where, for both di-$τ$ pairs, one of the $τ$-leptons decays to hadrons and neutrinos, while the other decays to a muon and neutrinos. In this mass range, the $a\rightarrow τ^+τ^-$ is Lorentz-boosted and a dedicated muon removal technique is used to reconstruct the di-$τ$ pairs. No significant excess above the Standard Model background prediction is observed. Upper limits on $(σ(H)/σ_{\mathrm{SM}}(H))\times \mathcal{B}(H\rightarrow aa\rightarrow 4τ)$ at $95\%$ confidence level are provided, ranging from $0.03$ to $0.10$ depending on the $a$-boson mass."
2507.01165,"A search for exotic decays of the Higgs boson $H$ into new scalar or pseudoscalar particles that subsequently decay into $b$-quarks is presented. The search considers $ZH$ production with several decay scenarios for the Higgs boson: first to a pair of identical scalars, $H\rightarrow 2a \rightarrow 4b$, second to a pair of scalars with different masses ($m_{a1}&lt;m_{a2}$), either directly, $H\rightarrow a_1a_2 \rightarrow 4b$, or via a longer decay chain, $H \rightarrow a_1a_2 \rightarrow 3a_1 \rightarrow 6b$. The analysis uses proton-proton collision data at $\sqrt{s} = 13$ TeV collected with the ATLAS detector at the Large Hadron Collider, corresponding to an integrated luminosity of $140~\mathrm{fb}^{-1}$. No significant excess above the Standard Model prediction is observed. The search sets upper limits at 95% confidence level on the ratio of the Higgs boson production cross-section to the SM prediction times the branching ratio of Higgs bosons decaying into $4b$ or $6b$, between 4% and 25% for $σ(ZH)/σ_{\text{SM}}(ZH) \times \mathcal{B}$($H \rightarrow 2a \rightarrow 4b$), between 24% and 38% for $σ(ZH)/σ_{\text{SM}}(ZH) \times \mathcal{B}$($H \rightarrow a_1a_2 \rightarrow 4b$), and between 10% and 20% for $σ(ZH)/σ_{\text{SM}}(ZH) \times \mathcal{B}$($H \rightarrow a_1a_2 \rightarrow 3a_1 \rightarrow 6b$), depending on the masses of the scalar particles."
2603.08323,"A search for a pair of low-mass pseudoscalars $a$ that promptly decay into $τ$-leptons is presented using 140 fb$^{-1}$ of proton-proton collision data at $13$ TeV centre-of-mass energy recorded with the ATLAS detector at the Large Hadron Collider. The result is used to place constraints on exotic decays of the Higgs boson into four $τ$-leptons, $H\to aa\to τ^+τ^-τ^+τ^-$. This search focuses on events with either one or two $τ$-leptons decaying into hadrons and neutrinos, and the remaining three or two $τ$-leptons decaying into either electron or muon and neutrinos. No significant excess is observed above the expected Standard Model background and upper limits at the 95% confidence level on $\mathcal{B}(H\rightarrow aa\rightarrow τ^+τ^-τ^+τ^-)$ are set ranging from 0.06 to 0.23, depending on the mass $m_a$ ranging from 15 to 60 GeV."
1506.00285,"A search for Higgs boson pair production $pp \to hh$ is performed with 19.5 fb$^{-1}$ of proton--proton collision data at $\sqrt{s}=$ 8 TeV, which were recorded by the ATLAS detector at the Large Hadron Collider in 2012. The decay products of each Higgs boson are reconstructed as a high-momentum $b\bar{b}$ system with either a pair of small-radius jets or a single large-radius jet, the latter exploiting jet substructure techniques and associated $b$-tagged track-jets. No evidence for resonant or non-resonant Higgs boson pair production is observed. The data are interpreted in the context of the Randall--Sundrum model with a warped extra dimension as well as the two-Higgs-doublet model. An upper limit on the cross-section for $pp \to G^{*}_{\mathrm{KK}} \to hh \to b\bar{b} b\bar{b}$ of 3.2 (2.3) fb is set for a Kaluza--Klein graviton $G^{*}_{\mathrm{KK}}$ mass of 1.0 (1.5) TeV, at the 95\% confidence level. The search for non-resonant Standard Model $hh$ production sets an observed 95\% confidence level upper limit on the production cross-section $σ(pp \to hh \to b\bar{b}b\bar{b})$ of 202 fb, compared to a SM prediction of $σ(pp \to hh \to b\bar{b}b\bar{b}) = 3.6 \pm 0.5$ fb."
1509.04670,"Searches for both resonant and non-resonant Higgs boson pair production are performed in the $hh\to bbττ, γγWW^*$ final states using 20.3 fb$^{-1}$ of $pp$ collision data at a center-of-mass energy of 8 TeV recorded with the ATLAS detector at the Large Hadron Collider. No evidence of their production is observed and 95\% confidence level upper limits on the production cross sections are set. These results are then combined with the published results of the $hh\to γγbb, bbbb$ analyses. An upper limit of 0.69 (0.47) pb on the non-resonant Standard Model like $hh$ production is observed (expected), corresponding to 70 (48) times of the SM $gg\to hh$ cross section. For production via narrow resonances, cross section limits of $hh$ production from a heavy Higgs boson decay are set as a function of the heavy Higgs boson mass. The observed (expected) limits range from 2.1 (1.1) pb at 260 GeV to 0.011 (0.018) pb at 1000 GeV. These results are interpreted in the context of two simplified scenarios of the Minimal Supersymmetric Standard Model."
1606.04782,"A search for Higgs-boson pair production in the $b\bar{b}b\bar{b}$ final state is carried out with 3.2 fb$^{-1}$ of proton--proton collision data collected at $\sqrt{s} = 13$ TeV with the ATLAS detector. The data are consistent with the estimated background and are used to set upper limits on the production cross section of Higgs-boson pairs times branching ratio to $b\bar{b}b\bar{b}$ for both nonresonant and resonant production. In the case of resonant production of Kaluza--Klein gravitons within the Randall--Sundrum model, upper limits in the 24 to 91 fb range are obtained for masses between 600 and 3000 GeV, at the 95% confidence level. The production cross section times branching ratio for nonresonant Higgs-boson pairs is also constrained to be less than 1.22 pb, at the 95% confidence level."
1804.06174,"A search for Higgs boson pair production in the $b\bar{b}b\bar{b}$ final state is carried out with up to 36.1 $\mathrm{fb}^{-1}$ of LHC proton-proton collision data collected at $\sqrt{s}$ = 13 TeV with the ATLAS detector in 2015 and 2016. Three benchmark signals are studied: a spin-2 graviton decaying into a Higgs boson pair, a scalar resonance decaying into a Higgs boson pair, and Standard Model non-resonant Higgs boson pair production. Two analyses are carried out, each implementing a particular technique for the event reconstruction that targets Higgs bosons reconstructed as pairs of jets or single boosted jets. The resonance mass range covered is $260-3000$ GeV. The analyses are statistically combined and upper limits on the production cross section of Higgs boson pairs times branching ratio to $b\bar{b}b\bar{b}$ are set in each model. No significant excess is observed; the largest deviation of data over prediction is found at a mass of 280 GeV, corresponding to 2.3 standard deviations globally. The observed 95% confidence level upper limit on the non-resonant production is 13 times the Standard Model prediction."
2001.05178,"A search for Higgs boson pair production via vector-boson fusion (VBF) in the $b\bar{b}b\bar{b}$ final state is carried out with the ATLAS experiment using 126 fb$^{-1}$ of proton-proton collision data delivered at $\sqrt{s} = 13$ TeV by the Large Hadron Collider. This search is sensitive to VBF production of additional heavy bosons that may decay into Higgs boson pairs, and in a non-resonant topology it can constrain the quartic coupling between the Higgs bosons and vector bosons. No significant excess relative to the Standard Model expectation is observed, and limits on the production cross-section are set at the 95 % confidence level for a heavy scalar resonance in the context of an extended Higgs sector, and for non-resonant Higgs boson pair production. Interpretation in terms of the coupling between a Higgs boson pair and two vector bosons is also provided: coupling values normalised to the Standard Model expectation of $κ_{2V} &lt; -0.43$ and $κ_{2V} &gt; 2.56$ are excluded at the 95 % confidence level in data."
2202.07288,"A search for resonant Higgs boson pair production in the $b\bar{b}b\bar{b}$ final state is presented. The analysis uses 126-139 fb$^{-1}$ of $pp$ collision data at $\sqrt{s}$ = 13 TeV collected with the ATLAS detector at the Large Hadron Collider. The analysis is divided into two channels, targeting Higgs boson decays which are reconstructed as pairs of small-radius jets or as individual large-radius jets. Spin-0 and spin-2 benchmark signal models are considered, both of which correspond to resonant $HH$ production via gluon$-$gluon fusion. The data are consistent with Standard Model predictions. Upper limits are set on the production cross-section times branching ratio to Higgs boson pairs of a new resonance in the mass range from 251 GeV to 5 TeV."
2404.17193,"A search for Higgs boson pair production via vector-boson fusion is performed in the Lorentz-boosted regime, where a Higgs boson candidate is reconstructed as a single large-radius jet, using 140 fb$^{-1}$ of proton-proton collision data at $\sqrt{s} = 13$ TeV recorded by the ATLAS detector at the Large Hadron Collider. Only Higgs boson decays into bottom quark pairs are considered. The search is particularly sensitive to the quartic coupling between two vector bosons and two Higgs bosons relative to its Standard Model prediction, $κ_{2V}$. This study constrains $κ_{2V}$ to $0.55 &lt; κ_{2V} &lt; 1.49$ at 95% confidence level. The value $κ_{2V} = 0$ is excluded with a significance of 3.8 standard deviations with other Higgs boson couplings fixed to their Standard Model values. A search for new heavy spin-0 resonances that would mediate Higgs boson pair production via vector-boson fusion is carried out in the mass range of 1-5 TeV for the first time under several model and decay-width assumptions. No significant deviation from the Standard Model hypothesis is observed and exclusion limits at 95% confidence level are derived."
2307.11120,"A search for a new heavy scalar particle $X$ decaying into a Standard Model (SM) Higgs boson and a new singlet scalar particle $S$ is presented. The search uses a proton-proton ($pp$) collision data sample with an integrated luminosity of 140 fb$^{-1}$ recorded at a centre-of-mass energy of $\sqrt{s} = 13$ TeV with the ATLAS detector at the Large Hadron Collider. The most sensitive mass parameter space is explored in $X$ mass ranging from 500 to 1500 GeV, with the corresponding $S$ mass in the range 200-500 GeV. The search selects events with two hadronically decaying $τ$-lepton candidates from $H\to τ^+τ^-$ decays and one or two light leptons ($\ell=e,\,μ$) from $S\to VV$ ($V = W,\,Z$) decays while the remaining $V$ boson decays hadronically or to neutrinos. A multivariate discriminant based on event kinematics is used to separate the signal from the background. No excess is observed beyond the expected SM background and 95% confidence level upper limits between 72 fb and 542 fb are derived on the cross-section $σ(pp\to X\to SH)$ assuming the same SM-Higgs boson-like decay branching ratios for the $S\to VV$ decay. Upper limits on the visible cross-sections $σ(pp\to X\to SH \to WWττ)$ and $σ(pp\to X\to SH \to ZZττ)$ are also set in the ranges 3-26 fb and 6-33 fb, respectively."
2404.12915,"A search for the resonant production of a heavy scalar $X$ decaying into a Higgs boson and a new lighter scalar $S$, through the process $X \to S(\to bb) H(\to γγ)$, where the two photons are consistent with the Higgs boson decay, is performed. The search is conducted using an integrated luminosity of 140 fb$^{-1}$ of proton-proton collision data at a centre-of-mass energy of 13 TeV recorded with the ATLAS detector at the Large Hadron Collider. The search is performed over the mass range 170 $\leq$ $m_{X}$ $\leq$ 1000 GeV and 15 $\leq$ $m_{S}$ $\leq$ 500 GeV. Parameterised neural networks are used to enhance the signal purity and to achieve continuous sensitivity in a domain of the ($m_{X}$, $m_{S}$) plane. No significant excess above the expected background is found and 95% CL upper limits are set on the cross section times branching ratio, ranging from 39 fb to 0.09 fb. The largest deviation from the background-only expectation occurs for ($m_{X}$, $m_{S}$) = (575, 200) GeV with a local (global) significance of 3.5 (2.0) standard deviations."
2405.20926,"A search for a hypothetical heavy scalar particle, $X$, decaying into a singlet scalar particle, $S$, and a Standard Model Higgs boson, $H$, using 140 fb$^{-1}$ of proton-proton collision data at the centre-of-mass energy of 13 TeV recorded with the ATLAS detector at the LHC is presented. The explored mass range is $300 \leq m_X \leq 1000$ GeV and $170 \leq m_S \leq 500$ GeV. The signature of this search is one or two leptons ($e$ or $μ$) from the decay of vector bosons originating from the $S$ particle, $S \rightarrow W^{\pm}W^{\mp}/ZZ$, and two photons from the Higgs boson decay, $H\rightarrow γγ$. No significant excess is observed above the expected Standard Model background. The observed (expected) upper limits at the 95% confidence level on the cross-section for $gg\rightarrow X\rightarrow SH$, assuming the same $S\rightarrow WW/ZZ$ branching ratios as for a SM-like heavy Higgs boson, are between 530 (800) fb and 120 (170) fb."
2510.02857,"A search for the resonant production of a heavy scalar $X$ decaying into a lighter scalar $S$ and a Higgs boson, through the process $X \rightarrow S (\rightarrow b \bar{b})H ( \rightarrow γγ)$, where the two photons are consistent with the Higgs boson decay, is performed. The search is conducted using integrated luminosities of 140 and 59 fb$^{-1}$ of proton-proton collision data at centre-of-mass energies of 13 and 13.6 TeV, respectively, recorded with the ATLAS detector at the LHC. The search is performed over the mass ranges of 170 $\leq$ $m_{X}$ $\leq$ 1000 GeV and 15 $\leq$ $m_{S}$ $\leq$ 500 GeV. No significant excess over the Standard Model background prediction is observed and limits at 95% confidence level are set on the product of cross section and branching fraction for the process $X \rightarrow S (\rightarrow b \bar{b})H ( \rightarrow γγ)$ at 13 TeV, ranging from 9 fb to 0.06 fb."
2607.18484,"A search is performed for a scalar resonance X decaying into a Standard Model Higgs boson H and an additional scalar S, each decaying into a bottom-antibottom-quark pair, giving a $b\bar{b}b\bar{b}$ final state. Two event topologies are considered, depending on whether the Higgs boson is reconstructed from a single large-radius jet or from a pair of small-radius jets. The analysis uses proton-proton collision data at $\sqrt{s} = 13$ TeV, collected by the ATLAS experiment at the Large Hadron Collider during Run 2, corresponding to an integrated luminosity of 126-136 fb$^{-1}$ depending on the topology and the associated triggers. The search covers masses of 300 GeV-6 TeV for X and 70 GeV-5 TeV for S. The dominant multijet and $t\bar{t}$ backgrounds are estimated with a hierarchical model using Gaussian processes and normalizing flows. No significant excess over the Standard Model background expectation is observed. Upper limits at 95% confidence level are set on the production cross-section times branching ratio, ranging from 0.7 fb to 2.6 pb."
1502.04478,"A search for a heavy, CP-odd Higgs boson, $A$, decaying into a $Z$ boson and a 125 GeV Higgs boson, $h$, with the ATLAS detector at the LHC is presented. The search uses proton--proton collision data at a centre-of-mass energy of 8 TeV corresponding to an integrated luminosity of 20.3 fb$^{-1}$. Decays of CP-even $h$ bosons to $ττ$ or $bb$ pairs with the $Z$ boson decaying to electron or muon pairs are considered, as well as $h \rightarrow bb$ decays with the $Z$ boson decaying to neutrinos. No evidence for the production of an $A$ boson in these channels is found and the 95% confidence level upper limits derived for $σ(gg\rightarrow A) \times \mbox{BR}(A \rightarrow Zh) \times \mbox{BR}(h \rightarrow f\bar{f})$ are 0.098--0.013 pb for $f=τ$ and 0.57--0.014 pb for $f=b$ in a range of $m_A =$ 220--1000 GeV. The results are combined and interpreted in the context of two-Higgs doublet models."
1804.01126,"A search for a heavy neutral Higgs boson, $A$, decaying into a $Z$ boson and another heavy Higgs boson, $H$, is performed using a data sample corresponding to an integrated luminosity of 36.1 fb$^{-1}$ from proton-proton collisions at $\sqrt{s} = 13$ TeV recorded in 2015 and 2016 by the ATLAS detector at the Large Hadron Collider. The search considers the $Z$ boson decaying to electrons or muons and the $H$ boson into a pair of $b$-quarks. No evidence for the production of an $A$ boson is found. Considering each production process separately, the 95% confidence-level upper limits on the $pp\rightarrow A\rightarrow ZH$ production cross-section times the branching ratio $H\rightarrow bb$ are in the range of 14-830 fb for the gluon-gluon fusion process and 26-570 fb for the $b$-associated process for the mass ranges 130-700 GeV of the $H$ boson and process for the mass ranges 130-700 GeV of the $H$ boson and 230-800 GeV of the $A$ boson. The results are interpreted in the context of the two-Higgs-doublet model."
2011.05639,"A search for a heavy neutral Higgs boson, $A$, decaying into a $Z$ boson and another heavy Higgs boson, $H$, is performed using a data sample corresponding to an integrated luminosity of 139 fb$^{-1}$ from proton-proton collisions at $\sqrt{s}$ = 13 TeV recorded by the ATLAS detector at the LHC. The search considers the $Z$ boson decaying into electrons or muons and the $H$ boson into a pair of $b$-quarks or $W$ bosons. The mass range considered is 230-800 GeV for the $A$ boson and 130-700 GeV for the $H$ boson. The data are in good agreement with the background predicted by the Standard Model, and therefore 95% confidence-level upper limits for $σ\times B(A\rightarrow ZH) \times B(H\rightarrow bb$ or $H\rightarrow WW)$ are set. The upper limits are in the range 0.0062-0.380 pb for the $H\rightarrow bb$ channel and in the range 0.023-8.9 pb for the $H\rightarrow WW$ channel. An interpretation of the results in the context of two-Higgs-Doublet models is also given."
2311.04033,"A search for a heavy CP-odd Higgs boson, $A$, decaying into a $Z$ boson and a heavy CP-even Higgs boson, $H$, is presented. It uses the full LHC Run 2 dataset of $pp$ collisions at $\sqrt{s}=13$ TeV collected with the ATLAS detector, corresponding to an integrated luminosity of $140$ fb$^{-1}$. The search for $A\to ZH$ is performed in the $\ell^+\ell^- t\bar{t}$ and $ν\barνb\bar{b}$ final states and surpasses the reach of previous searches in different final states in the region with $m_H&gt;350$ GeV and $m_A&gt;800$ GeV. No significant deviation from the Standard Model expectation is found. Upper limits are placed on the production cross-section times the decay branching ratios. Limits with less model dependence are also presented as functions of the reconstructed $m(t\bar{t})$ and $m(b\bar{b})$ distributions in the $\ell^+\ell^- t\bar{t}$ and $ν\barνb\bar{b}$ channels, respectively. In addition, the results are interpreted in the context of two-Higgs-doublet models."
1406.5053,"Searches are performed for resonant and non-resonant Higgs boson pair production in the $γγb\bar{b}$ final state using 20 fb$^{-1}$ of proton-proton collisions at a center-of-mass energy of 8 TeV recorded with the ATLAS detector at the CERN Large Hadron Collider. A 95% confidence level upper limit on the cross section times branching ratio of non-resonant production is set at 2.2 pb, while the expected limit is 1.0 pb. The difference derives from a modest excess of events, corresponding to 2.4 standard deviations from the background-only hypothesis. The limit observed in the search for a narrow $X \to hh$ resonance ranges between 0.7 and 3.5 pb as a function of the resonance mass."
1807.04873,"A search is performed for resonant and non-resonant Higgs boson pair production in the $γγb\bar{b}$ final state. The data set used corresponds to an integrated luminosity of 36.1 fb$^{-1}$ of proton-proton collisions at a centre-of-mass energy of 13 TeV recorded by the ATLAS detector at the CERN Large Hadron Collider. No significant excess relative to the Standard Model expectation is observed. The observed limit on the non-resonant Higgs boson pair cross-section is 0.73 pb at 95% confidence level. This observed limit is equivalent to 22 times the predicted Standard Model cross-section. The Higgs boson self-coupling ($κ_λ= λ_{HHH} / λ_{HHH}^{\rm SM}$) is constrained at 95% confidence level to $-8.2 &lt; κ_λ&lt; 13.2$. For resonant Higgs boson pair production through X $\rightarrow$ HH $\rightarrow$ $γγb\bar{b}$, the limit is presented, using the narrow-width approximation, as a function of $m_X$ in the range 260 GeV $&lt; m_X &lt;$ 1000 GeV. The observed limits range from 1.1 pb to 0.12 pb over this mass range."
2112.11876,"Searches are performed for nonresonant and resonant di-Higgs boson production in the $b\bar{b}γγ$ final state. The data set used corresponds to an integrated luminosity of 139 fb$^{-1}$ of proton-proton collisions at a center-of-mass energy of 13 TeV recorded by the ATLAS detector at the CERN Large Hadron Collider. No excess above the expected background is found and upper limits on the di-Higgs boson production cross sections are set. A 95% confidence-level upper limit of 4.2 times the cross section predicted by the Standard Model is set on $pp \rightarrow HH$ nonresonant production, where the expected limit is 5.7 times the Standard Model predicted value. The expected constraints are obtained for a background hypothesis excluding $pp \rightarrow HH$ production. The observed (expected) constraints on the Higgs boson trilinear coupling modifier $κ_λ$ are determined to be $[-1.5, 6.7]$ $([-2.4, 7.7])$ at 95% confidence level, where the expected constraints on $κ_λ$ are obtained excluding $pp \rightarrow HH$ production from the background hypothesis. For resonant production of a new hypothetical scalar particle $X$ ($X \rightarrow HH \rightarrow b\bar{b}γγ$), limits on the cross section for $pp \to X \to HH$ are presented in the narrow-width approximation as a function of $m_{X}$ in the range $251 \leq m_{X} \leq 1000$ GeV. The observed (expected) limits on the cross section for $pp \to X \to HH$ range from 640 fb to 44 fb (391 fb to 46 fb) over the considered mass range."
1807.08567,"Searches for non-resonant and resonant Higgs boson pair production are performed in the $γγWW^{*}$ channel with the final state of $γγ\ellνjj$ using 36.1 fb$^{-1}$ of proton-proton collision data recorded at a centre-of-mass energy of $\sqrt{s} = 13$ TeV by the ATLAS detector at the Large Hadron Collider. No significant deviation from the Standard Model prediction is observed. A 95% confidence-level observed upper limit of 7.7 pb is set on the cross section for non-resonant production, while the expected limit is 5.4 pb. A search for a narrow-width resonance $X$ decaying to a pair of Standard Model Higgs bosons $HH$ is performed with the same set of data, and the observed upper limits on $σ(pp \rightarrow X) \times B(X \rightarrow HH)$ range between 40.0 pb and 6.1 pb for masses of the resonance between 260 GeV and 500 GeV, while the expected limits range between 17.6 pb and 4.4 pb. When deriving the limits above, the Standard Model branching ratios of the $H \rightarrow γγ$ and $H \rightarrow WW^{*}$ are assumed."
1811.04671,A search for Higgs boson pair production in the $b\bar{b}WW^{*}$ decay mode is performed in the $b\bar{b}lνqq$ final state using 36.1 fb$^{-1}$ of proton-proton collision data at a centre-of-mass energy of 13 TeV recorded with the ATLAS detector at the Large Hadron Collider. No evidence of events beyond the background expectation is found. Upper limits on the non-resonant $pp\to HH$ production cross section of 10 pb and on the resonant production cross section as a function of the $HH$ invariant mass are obtained. Resonant production limits are set for scalar and spin-2 graviton hypotheses in the mass range 500 to 3000 GeV.
1811.11028,"A search for a pair of neutral, scalar bosons with each decaying into two $W$ bosons is presented using 36.1 fb$^{-1}$ of proton-proton collision data at a centre-of-mass energy of 13 TeV recorded with the ATLAS detector at the Large Hadron Collider. This search uses three production models: non-resonant and resonant Higgs boson pair production and resonant production of a pair of heavy scalar particles. Three final states, classified by the number of leptons, are analysed: two same-sign leptons, three leptons, and four leptons. No significant excess over the expected Standard Model backgrounds is observed. An observed (expected) 95% confidence-level upper limit of 160 (120) times the Standard Model prediction of non-resonant Higgs pair production cross-section is set from a combined analysis of the three final states. Upper limits are set on the production cross-section times branching ratio of a heavy scalar $X$ decaying into a Higgs boson pair in the mass range of 260 GeV $\le m_X \le$ 500 GeV and the observed (expected) limits range from 9.3 (10) pb to 2.8 (2.6) pb. Upper limits are set on the production cross-section times branching ratio of a heavy scalar $X$ decaying into a pair of heavy scalars $S$ for mass ranges of 280 GeV $\le m_X \le$ 340 GeV and 135 GeV $\le m_S \le$ 165 GeV and the observed (expected) limits range from 2.5 (2.5) pb to 0.16 (0.17) pb."
1808.00336,"A search for resonant and non-resonant pair production of Higgs bosons in the $b\bar{b}τ^+τ^-$ final state is presented. The search uses 36.1 fb$^{-1}$ of $pp$ collision data with $\sqrt{s}= 13$ TeV recorded by the ATLAS experiment at the LHC in 2015 and 2016. The semileptonic and fully hadronic decays of the $τ$-lepton pair are considered. No significant excess above the expected background is observed in the data. The cross-section times branching ratio for non-resonant Higgs boson pair production is constrained to be less than 30.9 fb, 12.7 times the Standard Model expectation, at 95% confidence level. The data are also analyzed to probe resonant Higgs boson pair production, constraining a model with an extended Higgs sector based on two doublets and a Randall-Sundrum bulk graviton model. Upper limits are placed on the resonant Higgs boson pair production cross-section times branching ratio, excluding resonances $X$ in the mass range $305~{\rm GeV} &lt; m_X &lt; 402~{\rm GeV}$ in the simplified hMSSM minimal supersymmetric model for $\tanβ=2$ and excluding bulk Randall-Sundrum gravitons $G_{\mathrm{KK}}$ in the mass range $325~{\rm GeV} &lt; m_{G_{\mathrm{KK}}} &lt; 885~{\rm GeV}$ for $k/\overline{M}_{\mathrm{Pl}} = 1$."
2209.10910,"A search for Higgs boson pair production in events with two $b$-jets and two $τ$-leptons is presented, using a proton-proton collision dataset with an integrated luminosity of 139 fb$^{-1}$ collected at $\sqrt{s}=13$ TeV by the ATLAS experiment at the LHC. Higgs boson pairs produced non-resonantly or in the decay of a narrow scalar resonance in the mass range from 251 to 1600 GeV are targeted. Events in which at least one $τ$-lepton decays hadronically are considered, and multivariate discriminants are used to reject the backgrounds. No significant excess of events above the expected background is observed in the non-resonant search. The largest excess in the resonant search is observed at a resonance mass of 1 TeV, with a local (global) significance of $3.1σ$ ($2.0σ$). Observed (expected) 95% confidence-level upper limits are set on the non-resonant Higgs boson pair-production cross-section at 4.7 (3.9) times the Standard Model prediction, assuming Standard Model kinematics, and on the resonant Higgs boson pair-production cross-section at between 21 and 900 fb (12 and 840 fb), depending on the mass of the narrow scalar resonance."
1709.06783,"A search for heavy resonances decaying into a Higgs boson ($H$) and a new particle ($X$) is reported, utilizing 36.1 fb$^{-1}$ of proton-proton collision data at $\sqrt{s} =$ 13 TeV collected during 2015 and 2016 with the ATLAS detector at the CERN Large Hadron Collider. The particle $X$ is assumed to decay to a pair of light quarks, and the fully hadronic final state $XH \rightarrow q\bar q'b\bar b$ is analysed. The search considers the regime of high $XH$ resonance masses, where the $X$ and $H$ bosons are both highly Lorentz-boosted and are each reconstructed using a single jet with large radius parameter. A two-dimensional phase space of $XH$ mass versus $X$ mass is scanned for evidence of a signal, over a range of $XH$ resonance mass values between 1 TeV and 4 TeV, and for $X$ particles with masses from 50 GeV to 1000 GeV. All search results are consistent with the expectations for the background due to Standard Model processes, and 95% CL upper limits are set, as a function of $XH$ and $X$ masses, on the production cross-section of the $XH\rightarrow q\bar q'b\bar b$ resonance."
2306.03637,"A search is presented for a heavy resonance $Y$ decaying into a Standard Model Higgs boson $H$ and a new particle $X$ in a fully hadronic final state. The full Large Hadron Collider Run 2 dataset of proton-proton collisions at $\sqrt{s}= 13$ TeV collected by the ATLAS detector from 2015 to 2018 is used, and corresponds to an integrated luminosity of 139 fb$^{-1}$. The search targets the high $Y$-mass region, where the $H$ and $X$ have a significant Lorentz boost in the laboratory frame. A novel signal region is implemented using anomaly detection, where events are selected solely because of their incompatibility with a learned background-only model. It is defined using a jet-level tagger for signal-model-independent selection of the boosted $X$ particle, representing the first application of fully unsupervised machine learning to an ATLAS analysis. Two additional signal regions are implemented to target a benchmark $X$ decay into two quarks, covering topologies where the $X$ is reconstructed as either a single large-radius jet or two small-radius jets. The analysis selects Higgs boson decays into $b\bar{b}$, and a dedicated neural-network-based tagger provides sensitivity to the boosted heavy-flavor topology. No significant excess of data over the expected background is observed, and the results are presented as upper limits on the production cross section $σ(pp \rightarrow Y \rightarrow XH \rightarrow q\bar{q}b\bar{b}$) for signals with $m_Y$ between 1.5 and 6 TeV and $m_X$ between 65 and 3000 GeV."
1503.04233,"A search for a charged Higgs boson, $H^\pm$, decaying to a $W^\pm$ boson and a $Z$ boson is presented. The search is based on 20.3 fb$^{-1}$ of proton-proton collision data at a center-of-mass energy of 8 TeV recorded with the ATLAS detector at the LHC. The $H^\pm$ boson is assumed to be produced via vector-boson fusion and the decays $W^\pm \to q\bar{q^\prime}$ and $Z\rightarrow e^+e^-/μ^+μ^-$ are considered. The search is performed in a range of charged Higgs boson masses from 200 to 1000 GeV. No evidence for the production of an $H^\pm$ boson is observed. Upper limits of 31-1020 fb at 95% CL are placed on the cross section for vector-boson fusion production of an $H^\pm$ boson times its branching fraction to $W^\pm Z$. The limits are compared with predictions from the Georgi-Machacek Higgs Triplet Model."
2411.03969,"This article presents a search for a heavy charged Higgs boson produced in association with a top quark and a bottom quark, and decaying into a $W$ boson and a $125$ GeV Higgs boson $h$. The search is performed in final states with one charged lepton, missing transverse momentum, and jets using proton-proton collision data at $\sqrt{s} = 13$ TeV recorded with the ATLAS detector during Run 2 of the LHC at CERN. This data set corresponds to a total integrated luminosity of 140 fb$^{-1}$. The search is conducted by examining the reconstructed invariant mass distribution of the $Wh$ candidates for evidence of a localised excess in the charged Higgs boson mass range from $250$ GeV to $3$ TeV. No significant excess is observed and 95% confidence-level upper limits between $2.8$ pb and $1.2$ fb are placed on the production cross-section times branching ratio for charged Higgs bosons decaying into $Wh$."
1907.02749,"A search for heavy neutral Higgs bosons produced in association with one or two $b$-quarks and decaying to $b$-quark pairs is presented using 27.8 fb$^{-1}$ of $\sqrt{s}=13$ TeV proton-proton collision data recorded by the ATLAS detector at the Large Hadron Collider during 2015 and 2016. No evidence of a signal is found. Upper limits on the heavy neutral Higgs boson production cross-section times its branching ratio to $b\bar{b}$ are set, ranging from 4.0 to 0.6 pb at 95% confidence level over a Higgs boson mass range of 450 to 1400 GeV. Results are interpreted within the two-Higgs-doublet model and the minimal supersymmetric Standard Model."
2503.17254,"A search for a pseudoscalar $a$ produced in association with a top-quark pair, or in association with a single top quark plus a $W$ boson, with the pseudoscalar decaying into $b$-quarks ($a\rightarrow b\bar{b}$), is performed using the full Run 2 data sample using a dileptonic decay mode signature. The search covers pseudoscalar boson masses between 12-100 GeV and involves both the kinematic regime where the decay products of the pseudoscalar are reconstructed as two standard $b$-tagged small-radius jets, or merged into a large-radius jet due to its Lorentz boost. No significant excess relative to expectations is observed. Assuming a branching ratio BR($a\rightarrow b\bar{b}$)=100$\% $, the range of pseudoscalar masses between 50 and 80 GeV is excluded at 95$\% $ confidence level for a coupling of the pseudoscalar to the top quark of 0.5, while a coupling of 1.0 is excluded at 95$\% $ confidence level for the masses considered, with the coupling defined as the strength modifier of the Standard Model Yukawa coupling."
2210.05415,"This paper reports a search for Higgs boson pair ($hh$) production in association with a vector boson ($W$ or $Z$) using 139 $fb^{-1}$ of proton-proton collision data at $\sqrt{s}=$ 13 TeV recorded with the ATLAS detector at the Large Hadron Collider. The search is performed in final states in which the vector boson decays leptonically ($W\to\ellν, Z\to\ell\ell,νν$ with $\ell=e, μ$) and the Higgs bosons each decay into a pair of $b$-quarks. It targets $Vhh$ signals from both non-resonant $hh$ production, present in the Standard Model (SM), and resonant $hh$ production, as predicted in some SM extensions. A 95% confidence-level upper limit of 183 (87) times the SM cross-section is observed (expected) for non-resonant $Vhh$ production when assuming the kinematics are as expected in the SM. Constraints are also placed on Higgs boson coupling modifiers. For the resonant search, upper limits on the production cross-sections are derived for two specific models: one is the production of a vector boson along with a neutral heavy scalar resonance $H$, in the mass range 260-1000 GeV, that decays into $hh$, and the other is the production of a heavier neutral pseudoscalar resonance $A$ that decays into a $Z$ boson and $H$ boson, where the $A$ boson mass is 360-800 GeV and the $H$ boson mass is 260-400 GeV. Constraints are also derived in the parameter space of two-Higgs-doublet models."
2411.02040,"A search for the production of three Higgs bosons ($HHH$) in the $b\bar{b}b\bar{b}b\bar{b}$ final state is presented. The search uses $126~\text{fb}^{-1}$ of proton-proton collision data at $\sqrt{s}=13$ TeV collected with the ATLAS detector at the Large Hadron Collider. The analysis targets both non-resonant and resonant production of $HHH$. The resonant interpretations primarily consider a cascade decay topology of $X\rightarrow SH\rightarrow HHH$ with masses of the new scalars $X$ and $S$ up to 1.5 TeV and 1 TeV, respectively. In addition to scenarios where $S$ is off-shell, the non-resonant interpretation includes a search for standard model (SM) $HHH$ production, with limits on the tri-linear and quartic Higgs self-coupling set. No evidence for $HHH$ production is observed. An upper limit of 59 fb is set, at 95% confidence level, on the cross-section for Standard-Model $HHH$ production."
2301.03902,"A search for flavour-changing neutral-current decays of a top quark into an up-type quark (either up or charm) and a light scalar particle $X$ decaying into a bottom anti-bottom quark pair is presented. The search focuses on top-quark pair production where one top quark decays to $qX$, with $X \rightarrow b\bar{b}$, and the other top quark decays according to the Standard Model, with the $W$ boson decaying leptonically. The final state is thus characterised by an isolated electron or muon and at least four jets. Events are categorised according to the multiplicity of jets and jets tagged as originating from $b$-quarks, and a neural network is used to discriminate between signal and background processes. The data analysed correspond to 139 fb$^{-1}$ of proton-proton collisions at a centre-of-mass energy of 13 TeV, recorded with the ATLAS detector at the LHC. The 95% confidence-level upper limits between 0.019% and 0.062% are derived for the branching fraction $\mathcal{B}$($t \rightarrow uX$) and between 0.018% and 0.078% for the branching fraction $\mathcal{B}$($t \rightarrow cX$), for masses of the scalar particle $X$ between 20 and 160 GeV."
2603.13113,"This paper presents the first search for non-resonant Higgs boson pair production in association with a top-quark pair ($t\bar{t}HH$) using proton-proton collision data collected with the ATLAS detector at the Large Hadron Collider. The data sample corresponds to an integrated luminosity of 196 fb$^{-1}$, comprising 140 fb$^{-1}$ at a centre-of-mass energy of $\sqrt{s}=13$ TeV and 56 fb$^{-1}$ at 13.6 TeV. The search targets three distinct final states expected from $t\bar{t}HH$ decays: (i) one lepton (electron or muon) with at least five $b$-quarks, (ii) at least two $b$-quarks accompanied by two leptons with the same electric charges or multiple leptons, and (iii) at least three $b$-quarks with two photons. The $t\bar{t}HH$ production cross-section, relative to its Standard Model prediction, is measured to be $μ_{t\bar{t}HH}=-3^{+11}_{-12}$. This result corresponds to a 95$\% $ confidence-level upper limit of 20 times the Standard Model prediction for the $t\bar{t}HH$ production cross-section, with an expected limit of 21. The Higgs effective field theory Wilson coefficient $c_{t\bar{t}HH}$ is also constrained at the same confidence level to the range of $-3.9&lt;c_{t\bar{t}HH}&lt;3.3$, compared with the expected range of $-4.0&lt;c_{t\bar{t}HH}&lt;3.5$."
1104.4481,"This paper describes searches for the pair production of first or second generation scalar leptoquarks using 35/pb of proton-proton collision data recorded by the ATLAS detector at sqrt(s)=7 TeV. Leptoquarks are seached in events with two oppositely charged muons or electrons and at least two jets, and in events with one muon or electron, missing transverse momentum and at least two jets. After event selection, the observed yields are consistent with the predicted backgrounds. Leptoquark production is excluded at the 95% CL for masses mLQ&lt;376 (319) GeV and mLQ&lt;422 (362) GeV for first and second generation scalar leptoquarks, respectively, when assuming the branching fraction of a leptoquark to a charged lepton is equal to 1.0 (0.5)."
1112.4828,"We report a search for first generation scalar leptoquarks using 1.03 fb^-1 of proton-proton collisions data produced by the Large Hadron Collider at sqrt(s)=7 TeV and recorded by the ATLAS experiment. Leptoquarks are sought via their decay into an electron or neutrino and a quark, producing events with two oppositely charged electrons and at least two jets, or events with an electron, missing transverse momentum and at least two jets. Control data samples are used to validate background predictions from Monte Carlo simulation. In the signal region, the observed event yields are consistent with the background expectations. We exclude at 95% confidence level the production of first generation scalar leptoquark with masses m_LQ &lt; 660 (607) GeV when assuming the branching fraction of a leptoquark to a charged lepton is equal to 1.0 (0.5)."
1203.3172,"The results of a search for the production of second generation scalar leptoquarks are presented for final states consisting of either two oppositely charged muons and at least two jets or a muon plus missing transverse momentum and at least two jets. A total of 1.03/fb integrated luminosity of proton-proton collision data produced by the Large Hadron Collider at sqrt(s) = 7 TeV and recorded by the ATLAS detector is used for the search. The event yields in the signal regions are found to be consistent with the Standard Model background expectations. The production of second generation leptoquarks is excluded for a leptoquark mass m_LQ &lt; 594 (685) GeV at 95% confidence level, for a branching ratio of 0.5 (1.0) for leptoquark decay to a muon and a quark."
1508.04735,"Searches for pair-produced scalar leptoquarks are performed using 20 fb$^{-1}$ of proton-proton collision data provided by the LHC and recorded by the ATLAS detector at $\sqrt{s}=8$ TeV. Events with two electrons (muons) and two or more jets in the final state are used to search for first (second)-generation leptoquarks. The results from two previously published ATLAS analyses are interpreted in terms of third-generation leptoquarks decaying to $bν_τ\bar{b}\bar{ν_τ}$ and $tν_τ\bar{t}\bar{ν_τ}$ final states. No statistically significant excess above the Standard Model expectation is observed in any channel and scalar leptoquarks are excluded at 95% CL with masses up to $m_{\mathrm{LQ1}}$ &lt; 1050 GeV for first-generation leptoquarks, $m_{\mathrm{LQ2}}$ &lt; 1000 GeV for second-generation leptoquarks, $m_{\mathrm{LQ3}} &lt; $ 625 GeV for third-generation leptoquarks in the $bν_τ\bar{b}\bar{ν_τ}$ channel, and 200 $&lt; m_{\mathrm{LQ3}} &lt; $ 640 GeV in the $tν_τ\bar{t}\bar{ν_τ}$ channel."
1605.06035,"An inclusive search for a new-physics signature of lepton-jet resonances has been performed by the ATLAS experiment. Scalar leptoquarks, pair-produced in $pp$ collisions at $\sqrt{s}$ = 13 TeV at the Large Hadron Collider, have been considered. An integrated luminosity of 3.2 fb$^{-1}$, corresponding to the full 2015 dataset was used. First (second) generation leptoquarks were sought in events with two electrons (muons) and two or more jets. The observed event yield in each channel is consistent with Standard Model background expectations. The observed (expected) lower limits on the leptoquark mass at 95% confidence level are 1100 GeV and 1050 GeV (1160 GeV and 1040 GeV) for first and second generation leptoquarks, respectively, assuming a branching ratio into a charged lepton and a quark of 100%. Upper limits on the aforementioned branching ratio are also given as a function of leptoquark mass. Compared with the results of earlier ATLAS searches, the sensitivity is increased for leptoquark masses above 860 GeV, and the observed exclusion limits confirm and extend the published results."
1902.00377,"Searches for scalar leptoquarks pair-produced in proton-proton collisions at $\sqrt{s}=13$ TeV at the Large Hadron Collider are performed by the ATLAS experiment. A data set corresponding to an integrated luminosity of 36.1 fb$^{-1}$ is used. Final states containing two electrons or two muons and two or more jets are studied, as are states with one electron or muon, missing transverse momentum and two or more jets. No statistically significant excess above the Standard Model expectation is observed. The observed and expected lower limits on the leptoquark mass at 95% confidence level extend up to 1.29 TeV and 1.23 TeV for first- and second-generation leptoquarks, respectively, as postulated in the minimal Buchmüller-Rückl-Wyler model, assuming a branching ratio into a charged lepton and a quark of 50%. In addition, measurements of particle-level fiducial and differential cross sections are presented for the $Z\rightarrow ee$, $Z\rightarrowμμ$ and $t\bar{t}$ processes in several regions related to the search control regions. Predictions from a range of generators are compared with the measurements, and good agreement is seen for many of the observables. However, the predictions for the $Z\rightarrow\ell\ell$ measurements in observables sensitive to jet energies disagree with the data."
2006.05872,"A search for new-physics resonances decaying into a lepton and a jet performed by the ATLAS experiment is presented. Scalar leptoquarks pair-produced in $pp$ collisions at $\sqrt{s}=13$ TeV at the Large Hadron Collider are considered using an integrated luminosity of 139 fb$^{-1}$, corresponding to the full Run 2 dataset. They are searched for in events with two electrons or two muons and two or more jets, including jets identified as arising from the fragmentation of $c$- or $b$-quarks. The observed yield in each channel is consistent with the Standard Model background expectation. Leptoquarks with masses below 1.8 TeV and 1.7 TeV are excluded in the electron and muon channels, respectively, assuming a branching ratio into a charged lepton and a quark of 100%, with minimal dependence on the quark flavour. Upper limits on the aforementioned branching ratio are also given as a function of the leptoquark mass."
2010.02098,"A search for pair production of scalar leptoquarks, each decaying into either an electron or a muon and a top quark, is presented. This is the first leptoquark search using ATLAS data to investigate top-philic cross-generational couplings that could provide explanations for recently observed anomalies in $B$ meson decays. This analysis targets high leptoquark masses which cause the decay products of each resultant top quark to be contained within a single high-$p_{\mathrm{T}}$ large-radius jet. The full Run 2 dataset is exploited, consisting of 139 fb$^{-1}$ of data collected from proton-proton collisions at $\sqrt{s}=13$ TeV from 2015 to 2018 with the ATLAS detector at the CERN Large Hadron Collider. In the absence of any significant deviation from the background expectation, lower limits on the leptoquark masses are set at 1480 GeV and 1470 GeV for the electron and muon channel, respectively."
2210.04517,"A search for pair-produced scalar and vector leptoquarks decaying into quarks and leptons of different generations is presented. It uses the full LHC Run 2 (2015-2018) data set of 139 fb$^{-1}$ collected with the ATLAS detector in proton-proton collisions at a centre-of-mass energy of $\sqrt{s} = 13$ TeV. Scalar leptoquarks with charge -(1/3)e as well as scalar and vector leptoquarks with charge +(2/3)e are considered. All possible decays of the pair-produced leptoquarks into quarks of the third generation (t, b) and charged or neutral leptons of the first or second generation ($e, μ, ν$) with exactly one electron or muon in the final state are investigated. No significant deviations from the Standard Model expectation are observed. Upper limits on the production cross-section are provided for eight models as a function of the leptoquark mass and the branching ratio of the leptoquark into the charged or neutral lepton. In addition, lower limits on the leptoquark masses are derived for all models across a range of branching ratios. Two of these models have the goal of providing an explanation for the recent B-anomalies. In both models, a vector leptoquark decays into charged and neutral leptons of the second generation with a similar branching fraction. Lower limits of 1980 GeV and 1710 GeV are set on the leptoquark mass for these two models."
1303.0526,"A search for pair-produced third generation scalar leptoquarks is presented, using proton-proton collisions at sqrt(s)= 7 TeV at the LHC. The data were recorded with the ATLAS detector and correspond to an integrated luminosity of 4.7 fb-1. Each leptoquark is assumed to decay to a tau lepton and a b-quark with a branching fraction equal to 100%. No statistically significant excess above the Standard Model expectation is observed. Third generation leptoquarks are therefore excluded at 95% confidence level for masses less than 534 GeV."
1902.08103,"Limits are set on the pair production of scalar leptoquarks, where all possible decays of the leptoquark into a quark ($t$, $b$) and a lepton ($τ$, $ν$) of the third generation are considered. The limits are presented as a function of the leptoquark mass and the branching ratio into charged leptons for up-type ($\mathrm{LQ}_{3}^{u}$ $\rightarrow t ν/ b τ$) and down-type ($\mathrm{LQ}_{3}^{d}$ $\rightarrow b ν/ t τ$) leptoquarks. Many results are reinterpretations of previously published ATLAS searches. In all cases, LHC proton-proton collision data at a centre-of-mass energy of $\sqrt{s}$ = 13 TeV recorded by the ATLAS detector in 2015 and 2016 are used, corresponding to an integrated luminosity of 36.1 fb$^{-1}$. Masses below 800 GeV are excluded for both $\mathrm{LQ}_{3}^{u}$ and $\mathrm{LQ}_{3}^{d}$ independently of the branching ratio, with masses below about 1 TeV being excluded for the limiting cases of branching ratios equal to zero or unity."
2101.11582,"A search for pair production of third-generation scalar leptoquarks decaying into a top quark and a $τ$-lepton is presented. The search is based on a dataset of $pp$ collisions at $\sqrt{s}=13$ TeV recorded with the ATLAS detector during Run 2 of the Large Hadron Collider, corresponding to an integrated luminosity of 139 fb$^{-1}$. Events are selected if they have one light lepton (electron or muon) and at least one hadronically decaying $τ$-lepton, or at least two light leptons. In addition, two or more jets, at least one of which must be identified as containing $b$-hadrons, are required. Six final states, defined by the multiplicity and flavour of lepton candidates, are considered in the analysis. Each of them is split into multiple event categories to simultaneously search for the signal and constrain several leading backgrounds. The signal-rich event categories require at least one hadronically decaying $τ$-lepton candidate and exploit the presence of energetic final-state objects, which is characteristic of signal events. No significant excess above the Standard Model expectation is observed in any of the considered event categories, and 95% CL upper limits are set on the production cross section as a function of the leptoquark mass, for different assumptions about the branching fractions into $tτ$ and $bν$. Scalar leptoquarks decaying exclusively into $tτ$ are excluded up to masses of 1.43 TeV while, for a branching fraction of 50% into $tτ$, the lower mass limit is 1.22 TeV."
2303.01294,"A search for pair-produced scalar or vector leptoquarks decaying into a $b$-quark and a $τ$-lepton is presented using the full LHC Run 2 (2015-2018) data sample of 139 fb$^{-1}$ collected with the ATLAS detector in proton-proton collisions at a centre-of-mass energy of $\sqrt{s} =13$ TeV. Events in which at least one $τ$-lepton decays hadronically are considered, and multivariate discriminants are used to extract the signals. No significant deviations from the Standard Model expectation are observed and 95% confidence-level upper limits on the production cross-section are derived as a function of leptoquark mass and branching ratio $B$ into a $τ$-lepton and $b$-quark. For scalar leptoquarks, masses below 1460 GeV are excluded assuming $B=100$%, while for vector leptoquarks the corresponding limit is 1650 GeV (1910 GeV) in the minimal-coupling (Yang-Mills) scenario."
2305.15962,"A search for leptoquarks decaying into the $bτ$ final state is performed using Run 2 proton-proton collision data from the Large Hadron Collider, corresponding to an integrated luminosity of 139 fb$^{-1}$ at $\sqrt{s} = 13$ TeV recorded by the ATLAS detector. The benchmark models considered in this search are vector leptoquarks with electric charge of 2/3e and scalar leptoquarks with an electric charge of 4/3e. No significant excess above the Standard Model prediction is observed, and 95% confidence level upper limits are set on the cross-section times branching fraction of leptoquarks decaying into $bτ$. For the vector leptoquark production two models are considered: the Yang-Mills and Minimal coupling models. In the Yang-Mills (Minimal coupling) scenario, vector leptoquarks with a mass below 1.58 (1.35) TeV are excluded for a gauge coupling of 1.0 and below 2.05 (1.99) TeV for a gauge coupling of 2.5. In the case of scalar leptoquarks, masses below 1.28 TeV (1.53 TeV) are excluded for a Yukawa coupling of 1.0 (2.5). Finally, an interpretation of the results with minimal model dependence is performed for each of the signal region categories, and limits on the visible cross-section for beyond the Standard Model processes are provided."
2306.17642,"A search for leptoquark pair production decaying into $te^- \bar{t}e^+$ or $tμ^- \bar{t}μ^+$ in final states with multiple leptons is presented. The search is based on a dataset of $pp$ collisions at $\sqrt{s}$=13 TeV recorded with the ATLAS detector during Run 2 of the Large Hadron Collider, corresponding to an integrated luminosity of 139~fb$^{-1}$. Events are selected with two or more light leptons (electron or muon) and at least two jets out of which at least one jet is identified as coming from a $b$-hadron. Four signal regions, with the requirement of at least three light leptons, are considered based on the number of leptons of a given flavour. The main background processes are estimated using dedicated control regions in a simultaneous fit with the signal regions to data. No excess above the Standard Model background prediction is observed and 95% confidence level limits on the production cross section times branching ratio are derived as a function of the leptoquark mass. Under the assumption of exclusive decays into $te^{-}$ ($tμ^{-}$), the corresponding lower limit on the scalar mixed-generation leptoquark mass $m_{\mathrm{LQ}_{\mathrm{mix}}^{\mathrm{d}}}$ is at 1.58 (1.59) TeV and on the vector leptoquark mass $m_{\tilde{U}_1}$ at 1.67 (1.67) TeV in the minimal coupling scenario and at 1.95 (1.95) TeV in the Yang-Mills scenario."
2606.02067,"A search for leptoquark signals is performed in final states with a hadronically decaying $τ$-lepton and missing transverse momentum, using data from proton--proton collisions at a centre-of-mass energy of $\sqrt{s}=13$ TeV recorded by the ATLAS detector at the Large Hadron Collider during Run 2 (2015--18), corresponding to an integrated luminosity of 140 fb$^{-1}$. The analysis is designed to probe both resonant production and non-resonant $t$-channel exchange of the leptoquark, covering a wide range of coupling scenarios. No excess above the Standard Model background prediction is observed. Limits are set on the couplings in the benchmark $U_1$ vector-leptoquark model at 95% confidence level for masses between 1.5 TeV and 3.0 TeV."
1201.3293,"The ATLAS detector is used to search for excited leptons in the electromagnetic radiative decay channel l* --&gt; l+gamma. Results are presented based on the analysis of pp collisions at a center-of-mass energy of 7 TeV corresponding to an integrated luminosity of 2.05/fb. No evidence for excited leptons is found, and limits are set on the compositeness scale Lambda as a function of the excited lepton mass m_l*. In the special case where Lambda = m_l*, excited electron and muon masses below 1.87 TeV and 1.75 TeV are excluded at 95% C.L., respectively."
1308.1364,"The ATLAS detector at the LHC is used to search for excited electrons and excited muons in the channel pp -&gt; ll* -&gt; llgamma, assuming that excited leptons are produced via contact interactions. The analysis is based on 13 fb-1 of pp collisions at a centre-of-mass energy of 8 TeV. No evidence for excited leptons is found, and a limit is set at the 95% credibility level on the cross section times branching ratio as a function of the excited-lepton mass m_l*. For m_l* &gt; 0.8 TeV, the respective upper limits on sigma*B(l* -&gt; lgamma) are 0.75 fb and 0.90 fb for the e* and mu* searches. Limits on sigma*B are converted into lower bounds on the compositeness scale Lambda. In the special case where Lambda = m_l*, excited-electron and excited-muon masses below 2.2 TeV are excluded."
1601.05627,"A new search signature for excited leptons is explored. Excited muons are sought in the channel $pp \to μμ^* \to μμ\textrm{ jet jet}$, assuming both the production and decay occur via a contact interaction. The analysis is based on 20.3 fb$^{-1}$ of $pp$ collision data at a centre-of-mass energy of $\sqrt{s}$ = 8 TeV taken with the ATLAS detector at the Large Hadron Collider. No evidence of excited muons is found, and limits are set at the 95% confidence level on the cross section times branching ratio as a function of the excited-muon mass $m_{μ^*}$. For $m_{μ^*}$ between 1.3 TeV and 3.0 TeV, the upper limit on $σB(μ^* \to μq \bar{q}$) is between 0.6 and 1 fb. Limits on $σB$ are converted to lower bounds on the compositeness scale $Λ$. In the limiting case $Λ= m_{μ^*}$, excited muons with a mass below 2.9 TeV are excluded. With the same model assumptions, these limits at larger $μ^*$ masses improve upon previous limits from traditional searches based on the gauge-mediated decay $μ^* \to μγ$."
1906.03204,"A search for excited electrons produced in $pp$ collisions at $\sqrt{s} = 13$ TeV via a contact interaction $q\bar{q} \to ee^*$ is presented. The search uses 36.1 fb$^{-1}$ of data collected in 2015 and 2016 by the ATLAS experiment at the Large Hadron Collider. Decays of the excited electron via a contact interaction into an electron and a pair of quarks ($eq\bar{q}$) are targeted in final states with two electrons and two hadronic jets, and decays via a gauge interaction into a neutrino and a $W$ boson ($νW$) are probed in final states with an electron, missing transverse momentum, and a large-radius jet consistent with a hadronically decaying $W$ boson. No significant excess is observed over the expected backgrounds. Upper limits are calculated for the $pp \to ee^* \to eeq\bar{q}$ and $pp \to ee^* \to eνW$ production cross sections as a function of the excited electron mass $m_{e^*}$ at 95% confidence level. The limits are translated into lower bounds on the compositeness scale parameter $Λ$ of the model as a function of $m_{e^*}$. For $m_{e^*} &lt; 0.5$ TeV, the lower bound for $Λ$ is 11 TeV. In the special case of $m_{e^*} = Λ$, the values of $m_{e^*} &lt; 4.8$ TeV are excluded. The presented limits on $Λ$ are more stringent than those obtained in previous searches."
2303.09444,"A search is reported for excited $τ$-leptons and leptoquarks in events with two hadronically decaying $τ$-leptons and two or more jets. The search uses proton-proton (pp) collision data at $\sqrt{s} = 13$ TeV recorded by the ATLAS experiment during the Run 2 of the Large Hadron Collider in 2015-2018. The total integrated luminosity is 139 fb$^{-1}$. The excited $τ$-lepton is assumed to be produced and to decay via a four-fermion contact interaction into an ordinary $τ$-lepton and a quark-antiquark pair. The leptoquarks are assumed to be produced in pairs via the strong interaction, and each leptoquark is assumed to couple to a charm or lighter quark and a $τ$-lepton. No excess over the background prediction is observed. Excited $τ$-leptons with masses below 2.8 TeV are excluded at 95% CL in scenarios with the contact interaction scale $Λ$ set to 10 TeV. At the extreme limit of model validity where $Λ$ is set equal to the excited $τ$-lepton mass, excited $τ$-leptons with masses below 4.6 TeV are excluded. Leptoquarks with masses below 1.3 TeV are excluded at 95% CL if their branching ratio to a charm quark and a $τ$-lepton equals 1. The analysis does not exploit flavour-tagging in the signal region."
1203.5420,"This letter reports on a search for hypothetical heavy neutrinos, N, and right-handed gauge bosons, WR, in events with two high transverse momentum leptons and at least one high transverse momentum hadronic jet. The results were obtained from data corresponding to an integrated luminosity of 2.1 fb^-1 collected in proton-proton collisions at sqrt(s) = 7 TeV with the ATLAS detector at the CERN Large Hadron Collider. No excess above the Standard Model background expectation is observed. Excluded mass regions for Majorana and Dirac neutrinos are presented using two approaches for interactions that violate lepton and lepton-flavour numbers. One approach uses an effective operator framework, the other approach is guided by the Left-Right Symmetric Model. The results described in this letter represent the most stringent limits to date on the masses of heavy neutrinos and WR bosons obtained in direct searches."
1506.06020,"A search for heavy Majorana neutrinos in events containing a pair of high-$p_{\mathrm{T}}$ leptons of the same charge and high-$p_{\mathrm{T}}$ jets is presented. The search uses $20.3 \mathrm{fb}^{-1}$ of $pp$ collision data collected with the ATLAS detector at the CERN Large Hadron Collider with a centre-of-mass energy of $\sqrt{s} = 8$ TeV. The data are found to be consistent with the background-only hypothesis based on the Standard Model expectation. In the context of a Type-I seesaw mechanism, limits are set on the production cross-section times branching ratio for production of heavy Majorana neutrinos in the mass range between 100 and 500 GeV. The limits are subsequently interpreted as limits on the mixing between the heavy Majorana neutrinos and the Standard Model neutrinos. In the context of a left-right symmetric model, limits on the production cross-section times branching ratio are set with respect to the masses of heavy Majorana neutrinos and heavy gauge bosons $W_{\mathrm{R}}$ and $Z'$."
1809.11105,"A search for heavy right-handed Majorana or Dirac neutrinos $N_R$ and heavy right-handed gauge bosons $W_R$ is performed in events with a pair of energetic electrons or muons, with the same or opposite electric charge, and two energetic jets. The events are selected from $pp$ collision data with an integrated luminosity of 36.1 fb$^{-1}$ collected by the ATLAS detector at $\sqrt{s}$ = 13 TeV. No significant deviations from the Standard Model are observed. The results are interpreted within the theoretical framework of a left-right symmetric model and lower limits are set on masses in the heavy right-handed $W$ boson and neutrino mass plane. The excluded region extends to $m_{W_R}=4.7$ TeV for both Majorana and Dirac $N_R$ neutrinos."
1904.12679,"A search for a right-handed gauge boson $W_{\mathrm{R}}$, decaying into a boosted right-handed heavy neutrino $N_{\mathrm{R}}$, in the framework of Left-Right Symmetric Models is presented. It is based on data from proton-proton collisions with a centre-of-mass energy of 13 TeV collected by the ATLAS detector at the Large Hadron Collider during the years 2015, 2016 and 2017, corresponding to an integrated luminosity of 80 fb$^{-1}$. The search is performed separately for electrons and muons in the final state. A distinguishing feature of the search is the use of large-radius jets containing electrons. Selections based on the signal topology result in smaller background compared with to expected signal. No significant deviation from the Standard Model prediction is observed and lower limits are set in the $W_{\mathrm{R}}$ and $N_{\mathrm{R}}$ mass plane. Mass values of the $W_{\mathrm{R}}$ smaller than 3.8-5 TeV are excluded for $N_{\mathrm{R}}$ in the mass range 0.1-1.8 TeV."
2304.09553,"A search for heavy right-handed Majorana or Dirac neutrinos $N_{\mathrm{R}}$ and heavy right-handed gauge bosons $W_{\mathrm{R}}$ is performed in events with energetic electrons or muons, with the same or opposite electric charge, and energetic jets. The search is carried out separately for topologies of clearly separated final-state products (``resolved'' channel) and topologies with boosted final states with hadronic and/or leptonic products partially overlapping and reconstructed as a large-radius jet (``boosted'' channel). The events are selected from $pp$ collision data at the LHC with an integrated luminosity of 139 fb$^{-1}$ collected by the ATLAS detector at $\sqrt{s}$ = 13 TeV. No significant deviations from the Standard Model predictions are observed. The results are interpreted within the theoretical framework of a left-right symmetric model, and lower limits are set on masses in the heavy right-handed $W_{\mathrm{R}}$ boson and $N_{\mathrm{R}}$ plane. The excluded region extends to about $m(W_{\mathrm{R}}) = 6.4$ TeV for both Majorana and Dirac $N_{\mathrm{R}}$ neutrinos at $m(N_{\mathrm{R}})&lt;1$ TeV. $N_{\mathrm{R}}$ with masses of less than 3.5 (3.6) TeV are excluded in the electron (muon) channel at $m(W_{\mathrm{R}})=4.8$ TeV for the Majorana neutrinos, and limits of $m(N_{\mathrm{R}})$ up to 3.6 TeV for $m(W_{\mathrm{R}}) = 5.2$ (5.0) TeV in the electron (muon) channel are set for the Dirac neutrinos. These constitute the most stringent exclusion limits to date for the model considered."
1311.2006,"This Letter presents a search for quantum black-hole production using 20.3 inverse fb of data collected with the ATLAS detector in pp collisions at the LHC at sqrt(s) = 8 TeV. The quantum black holes are assumed to decay into a lepton (electron or muon) and a jet. In either channel, no event with a lepton-jet invariant mass of 3.5 TeV or more is observed, consistent with the expected background. Limits are set on the product of cross sections and branching fractions for the lepton+jet final states of quantum black holes produced in a search region for invariant masses above 1 TeV. The combined 95% confidence level upper limit on this product for quantum black holes with threshold mass above 3.5 TeV is 0.18 fb. This limit constrains the threshold quantum black-hole mass to be above 5.3 TeV in the model considered."
2307.14967,"A search for quantum black holes in electron+jet and muon+jet invariant mass spectra is performed with 140 fb$^{-1}$ of data collected by the ATLAS detector in proton-proton collisions at $\sqrt{s}$ = 13 TeV at the Large Hadron Collider. The observed invariant mass spectrum of lepton+jet pairs is consistent with Standard Model expectations. Upper limits are set at 95% confidence level on the production cross-sections times branching fractions for quantum black holes decaying into a lepton and a quark in a search region with invariant mass above 2.0 TeV. The resulting quantum black hole lower mass threshold limit is 9.2 TeV in the Arkani-Hamed-Dimopoulos-Dvali model, and 6.8 TeV in the Randall-Sundrum model."
2604.19495,"A search for quantum black holes in electron+jet or muon+jet final states with high invariant mass is performed. The analysis uses data from $\sqrt{s}=13.6~\textrm{TeV}$ $pp$ collisions recorded by the ATLAS detector between 2022 and 2024 during Run~3 of the Large Hadron Collider, corresponding to an integrated luminosity of $164~\mathrm{fb}^{-1}$. This search is strongly motivated by a dramatic increase of the production cross-section by up to an order of magnitude for the highest masses considered, thanks to the small increase of $0.6~\textrm{TeV}$ in centre-of-mass energy between Run~2 and Run~3. No significant excess above the Standard Model background is observed, and 95\% CL upper limits are set on the production cross-section times branching ratio in several benchmark models, reaching a mass scale of $9.4~\textrm{TeV}$. These represent the strongest exclusion limits to date on quantum black hole production."
2507.03650,"This paper presents a search for physics beyond the Standard Model targeting a heavy resonance visible in the invariant mass of the lepton-jet system. The analysis focuses on final states with a high-energy lepton and jet, and is optimised for the resonant production of leptoquarks-a novel production mode mediated by the lepton content of the proton originating from quantum fluctuations. Four distinct and orthogonal final states are considered: $e$+light jet, $μ$+light jet, $e$+$b$-jet, and $μ$+$b$-jet, constituting the first search at the Large Hadron Collider for resonantly produced leptoquarks with couplings to electrons and muons. Events with an additional same-flavour lepton, as expected from higher-order diagrams in the signal process, are also included in each channel. The search uses proton-proton collision data from the full Run 2, corresponding to an integrated luminosity of 140 fb$^{-1}$ at a centre-of-mass energy of $\sqrt{s} = 13$ TeV, and from a part of Run 3 (2022-2023), corresponding to 55 fb$^{-1}$ at $\sqrt{s} = 13.6$ TeV. No significant excess over Standard Model predictions is observed. The results are interpreted as exclusion limits on scalar leptoquark ($\tilde{S}_1$) production, substantially improving upon previous ATLAS constraints from leptoquark pair production for large coupling values. The excluded $\tilde{S}_1$ mass ranges depend on the coupling strength, reaching up to 3.4 TeV for quark-lepton couplings $y_{de} = 1.0$, and up to 4.3 TeV, 3.1 TeV, and 2.8 TeV for $y_{sμ}$, $y_{be}$, and $y_{bμ}$ couplings set to 3.5, respectively."
1506.01291,"A search for heavy leptons decaying to a $Z$ boson and an electron or a muon is presented. The search is based on $pp$ collision data taken at $\sqrt{s}=8$ TeV by the ATLAS experiment at the CERN Large Hadron Collider, corresponding to an integrated luminosity of 20.3 fb$^{-1}$. Three high-transverse-momentum electrons or muons are selected, with two of them required to be consistent with originating from a $Z$ boson decay. No significant excess above Standard Model background predictions is observed, and 95% confidence level limits on the production cross section of high-mass trilepton resonances are derived. The results are interpreted in the context of vector-like lepton and type-III seesaw models. For the vector-like lepton model, most heavy lepton mass values in the range 114-176 GeV are excluded. For the type-III seesaw model, most mass values in the range 100-468 GeV are excluded."
1501.03276,"A search for the decays of the Higgs and $Z$ bosons to $J/ψγ$ and $Υ(nS)γ$ ($n=1,2,3$) is performed with $pp$ collision data samples corresponding to integrated luminosities of up to $20.3\mathrm{fb}^{-1}$ collected at $\sqrt{s}=8\mathrm{TeV}$ with the ATLAS detector at the CERN Large Hadron Collider. No significant excess of events is observed above expected backgrounds and 95\% CL upper limits are placed on the branching fractions. In the $J/ψγ$ final state the limits are $1.5\times10^{-3}$ and $2.6\times10^{-6}$ for the Higgs and $Z$ boson decays, respectively, while in the $Υ(1S,2S,3S)\,γ$ final states the limits are $(1.3,1.9,1.3)\times10^{-3}$ and $(3.4,6.5,5.4)\times10^{-6}$, respectively."
1607.03400,"A search for the decays of the Higgs and $Z$ bosons to a $φ$ meson and a photon is performed with a $pp$ collision data sample corresponding to an integrated luminosity of 2.7 fb$^{-1}$ collected at $\sqrt{s}=$13 TeV with the ATLAS detector at the LHC. No significant excess of events is observed above the background, and 95% confidence level upper limits on the branching fractions of the Higgs and $Z$ boson decays to $φ\,γ$ of 1.4$\times$10$^{-3}$ and 8.3$\times$10$^{-6}$, respectively, are obtained."
1712.02758,"A search for the exclusive decays of the Higgs and $Z$ bosons to a $φ$ or $ρ$ meson and a photon is performed with a $pp$ collision data sample corresponding to an integrated luminosity of up to 35.6 $fb^{-1}$ collected at $\sqrt{s}=13$ TeV with the ATLAS detector at the CERN Large Hadron Collider. These decays have been suggested as a probe of the Higgs boson couplings to light quarks. No significant excess of events is observed above the background, as expected from the Standard Model. Upper limits at 95$\% $ confidence level were obtained on the branching fractions of the Higgs boson decays to $φγ$ and $ργ$ of $5.0\times10^{-4}$ and $10.4\times10^{-4}$, respectively. The corresponding 95$\% $ confidence level upper limits for the $Z$ boson decays are $0.7\times10^{-6}$ and $4.0\times10^{-6}$ for $φγ$ and $ργ$, respectively."
1807.00802,"Searches for the exclusive decays of the Higgs and $Z$ bosons into a $J/ψ$, $ψ(2S)$, or $Υ(nS)$ ($n=1,2,3$) meson and a photon are performed with a $pp$ collision data sample corresponding to an integrated luminosity of 36.1 fb$^{-1}$ collected at $\sqrt{s}=13$ TeV with the ATLAS detector at the CERN Large Hadron Collider. No significant excess of events is observed above the expected backgrounds, and 95% confidence-level upper limits on the branching fractions of the Higgs boson decays to $J/ψγ$, $ψ(2S)γ$, and $Υ(nS)γ$ of $3.5\times10^{-4}$, $2.0\times10^{-3}$, and $(4.9,5.9,5.7)\times10^{-4}$, respectively, are obtained assuming Standard Model production. The corresponding 95% confidence-level upper limits for the branching fractions of the $Z$ boson decays are $2.3\times10^{-6}$, $4.5\times10^{-6}$ and $(2.8,1.7,4.8)\times10^{-6}$, respectively."
2208.03122,"Searches for the exclusive decays of Higgs and $Z$ bosons into a vector quarkonium state and a photon are performed in the $μ^+μ^- γ$ final state with a proton$-$proton collision data sample corresponding to an integrated luminosity of $139$ fb$^{-1}$ collected at $\sqrt{s}=13$ TeV with the ATLAS detector at the CERN Large Hadron Collider. The observed data are compatible with the expected backgrounds. The 95% confidence-level upper limits on the branching fractions of the Higgs boson decays into $J/ψγ$, $ψ(2S) γ$, and $Υ(1S,2S,3S) γ$ are found to be $2.0\times10^{-4}$, $10.5\times10^{-4}$, and $(2.5,4.2,3.4)\times10^{-4}$, respectively, assuming Standard Model production of the Higgs boson. The corresponding 95% CL upper limits on the branching fractions of the $Z$ boson decays are $1.2\times10^{-6}$, $2.4\times10^{-6}$, and $(1.1,1.3,2.4)\times10^{-6}$. An observed 95% CL interval of $(-133,175)$ is obtained for the $κ_c/κ_γ$ ratio of Higgs boson coupling modifiers, and a 95% CL interval of $(-37,40)$ is obtained for $κ_b/κ_γ$."
2301.09938,"Searches for the exclusive decays of the Higgs boson to an $ω$ meson and a photon or a $K^{*}$ meson and a photon can probe flavour-conserving and flavour-violating Higgs boson couplings to light quarks, respectively. Searches for these decays, along with the analogous $Z$ boson decay to an $ω$ meson and a photon, are performed with a $pp$ collision data sample corresponding to integrated luminosities of up to 134 fb$^{-1}$ collected at $\sqrt{s}=13$ TeV with the ATLAS detector at the CERN Large Hadron Collider. The obtained 95% confidence-level upper limits on the respective branching fractions are ${\cal B}(H\rightarrowωγ)&lt; 5.5\times 10^{-4}$, ${\cal B}(H\rightarrow K^{*}γ)&lt; 2.2\times10^{-4}$ and ${\cal B}(Z\rightarrow ωγ)&lt;3.9\times 10^{-6}$. The limits for $H\rightarrow ωγ$ and $Z\rightarrow ωγ$ are 370 times and 140 times the Standard Model expected values, respectively. The result for $Z\rightarrow ωγ$ corresponds to a two-orders-of-magnitude improvement over the limit obtained by the DELPHI experiment at LEP."
2402.18731,"Searches for the exclusive decays of the Higgs boson into $D^*γ$ and of the $Z$ boson into $D^0γ$ and $K^0_sγ$ can probe flavour-violating Higgs and $Z$ boson couplings to light quarks. Searches for these decays are performed with a $pp$ collision data sample corresponding to an integrated luminosity of $136.3$ fb$^{-1}$ collected at $\sqrt{s}=13$ TeV between 2016-2018 with the ATLAS detector at the CERN Large Hadron Collider. In the $D^*γ$ and $D^0γ$ channels, the observed (expected) 95$\%$ confidence-level upper limits on the respective branching fractions are ${\cal B}(H\rightarrow D^*γ)&lt; 1.0 (1.2)\times 10^{-3}$, ${\cal B}(Z\rightarrow D^0γ)&lt; 4.0 (3.4)\times 10^{-6}$, while the corresponding results in the $K^0_sγ$ channel are ${\cal B}(Z\rightarrow K^0_sγ)&lt; 3.1 (3.0)\times 10^{-6}$."
1210.5070,"A search for doubly-charged Higgs bosons decaying to pairs of electrons and/or muons is presented. The search is performed using a data sample corresponding to an integrated luminosity of 4.7 fb-1 of pp collisions at sqrt(s) = 7 TeV collected by the ATLAS detector at the LHC. Pairs of prompt, isolated, high-pT leptons with the same electric charge (ee, emu, mumu) are selected, and their invariant mass distribution is searched for a narrow resonance. No significant excess over Standard Model background expectations is observed, and limits are placed on the cross section times branching ratio for pair production of doubly-charged Higgs bosons. The masses of doubly-charged Higgs bosons are constrained depending on the branching ratio into these leptonic final states. Assuming pair production, coupling to left-handed fermions, and a branching ratio of 100% for each final state, masses below 409 GeV, 375 GeV, and 398 GeV are excluded for ee, emu, mumu, respectively."
1412.0237,"A low-background inclusive search for new physics in events with same-sign dileptons is presented. The search uses proton-proton collisions corresponding to 20.3 fb$^{-1}$ of integrated luminosity taken in 2012 at a centre-of-mass energy of 8 TeV with the ATLAS detector at the LHC. Pairs of isolated leptons with the same electric charge and large transverse momenta of the type $e^{\pm}e^{\pm}, e^{\pm}μ^{\pm}$, and $μ^{\pm}μ^{\pm}$ are selected and their invariant mass distribution is examined. No excess of events above the expected level of Standard Model background is found. The results are used to set upper limits on the cross-sections for processes beyond the Standard Model. Limits are placed as a function of the dilepton invariant mass within a fiducial region corresponding to the signal event selection criteria. Exclusion limits are also derived for a specific model of doubly charged Higgs boson production."
1710.09748,"A search for doubly charged Higgs bosons with pairs of prompt, isolated, highly energetic leptons with the same electric charge is presented. The search uses a proton-proton collision data sample at a centre-of-mass energy of 13 TeV corresponding to 36.1 $\mathrm{fb}^{-1}$ of integrated luminosity recorded in 2015 and 2016 by the ATLAS detector at the LHC. This analysis focuses on the decays $H^{\pm\pm}\rightarrow e^{\pm}e^{\pm}$, $H^{\pm\pm}\rightarrow e^{\pm}μ^{\pm}$ and $H^{\pm\pm}\rightarrow μ^{\pm}μ^{\pm}$, fitting the dilepton mass spectra in several exclusive signal regions. No significant evidence of a signal is observed and corresponding limits on the production cross-section are derived at 95% confidence level. The observed lower limit on the mass of a doubly charged Higgs boson only coupling to left-handed leptons ($e$,$μ$) varies from 770 GeV to 870 GeV (850 GeV expected) for $B(H^{\pm\pm}\rightarrow \ell^{\pm}\ell^{\pm})$ = 100% and both the expected and observed mass limits are above 450 GeV for $B(H^{\pm\pm}\rightarrow \ell^{\pm}\ell^{\pm})$ = 10% and any combination of partial branching ratios."
1808.01899,"A search for doubly charged scalar bosons decaying into $W$ boson pairs is presented. It uses a data sample from proton-proton collisions corresponding to an integrated luminosity of 36.1 fb$^{-1}$ collected by the ATLAS detector at the LHC at a centre-of-mass energy of 13 TeV in 2015 and 2016. This search is guided by a model that includes an extension of the Higgs sector through a scalar triplet, leading to a rich phenomenology that includes doubly charged scalar bosons $H^{\pm\pm}$. Those bosons are produced in pairs in proton-proton collisions and decay predominantly into electroweak gauge bosons $H^{\pm\pm}\to W^\pm W^\pm$. Experimental signatures with several leptons, missing transverse energy and jets are explored. No significant deviations from the Standard Model predictions are found. The parameter space of the benchmark model is excluded at 95% confidence level for $H^{\pm\pm}$ bosons with masses between 200 and 220 GeV."
2101.11961,"A search for charged Higgs bosons decaying into $W^\pm W^\pm$ or $W^\pm Z$ bosons is performed, involving experimental signatures with two leptons of the same charge, or three or four leptons with a variety of charge combinations, missing transverse momentum and jets. A data sample of proton-proton collisions at a centre-of-mass energy of 13 TeV recorded with the ATLAS detector at the Large Hadron Collider between 2015 and 2018 is used. The data correspond to a total integrated luminosity of 139 fb$^{-1}$. The search is guided by a type-II seesaw model that extends the scalar sector of the Standard Model with a scalar triplet, leading to a phenomenology that includes doubly and singly charged Higgs bosons. Two scenarios are explored, corresponding to the pair production of doubly charged $H^{\pm\pm}$ bosons, or the associated production of a doubly charged $H^{\pm\pm}$ boson and a singly charged $H^\pm$ boson. No significant deviations from the Standard Model predictions are observed. $H^{\pm\pm}$ bosons are excluded at 95% confidence level up to 350 GeV and 230 GeV for the pair and associated production modes, respectively."
2211.07505,"A search for pair production of doubly charged Higgs bosons ($H^{\pm \pm}$), each decaying into a pair of prompt, isolated, highly energetic leptons with the same electric charge, is presented. The search uses a proton-proton collision data sample at a centre-of-mass energy of 13 TeV corresponding to an integrated luminosity of 139 fb$^{-1}$ recorded by the ATLAS detector during Run 2 of the Large Hadron Collider. This analysis focuses on same-charge leptonic decays, $H^{\pm \pm} \rightarrow \ell^{\pm} \ell^{\prime \pm}$ where $\ell, \ell^\prime=e, μ, τ$, in two-, three-, and four-lepton channels, but only considers final states which include electrons or muons. No evidence of a signal is observed. Corresponding limits on the production cross-section and consequently a lower limit on $m(H^{\pm \pm})$ are derived at 95% confidence level. Assuming that the branching ratios to each of the possible leptonic final states are equal, $\mathcal{B}(H^{\pm \pm} \rightarrow e^\pm e^\pm) = \mathcal{B}(H^{\pm \pm} \rightarrow e^\pm μ^\pm) = \mathcal{B}(H^{\pm \pm} \rightarrow μ^\pm μ^\pm) = \mathcal{B}(H^{\pm \pm} \rightarrow e^\pm τ^\pm) = \mathcal{B}(H^{\pm \pm} \rightarrow μ^\pm τ^\pm) = \mathcal{B}(H^{\pm \pm} \rightarrow τ^\pm τ^\pm) = 1/6$, the observed lower limit on the mass of a doubly charged Higgs boson is 1080 GeV within the left-right symmetric type-II seesaw model, which is an improvement over previous limits. Additionally, a lower limit of $m(H^{\pm \pm})$ = 900 GeV is obtained in the context of the Zee-Babu neutrino mass model."
1905.09787,"The problems of neutrino masses, matter-antimatter asymmetry, and dark matter could be successfully addressed by postulating right-handed neutrinos with Majorana masses below the electroweak scale. In this work, leptonic decays of $W$ bosons extracted from 32.9 fb$^{-1}$ to 36.1 fb$^{-1}$ of 13 TeV proton-proton collisions at the LHC are used to search for heavy neutral leptons (HNLs) that are produced through mixing with muon or electron neutrinos. The search is conducted using the ATLAS detector in both prompt and displaced leptonic decay signatures. The prompt signature requires three leptons produced at the interaction point (either $μμe$ or $e eμ$) with a veto on same-flavour opposite-charge topologies. The displaced signature comprises a prompt muon from the $W$ boson decay and the requirement of a dilepton vertex (either $μμ$ or $μe$) displaced in the transverse plane by 4-300 mm from the interaction point. The search sets constraints on the HNL mixing to muon and electron neutrinos for HNL masses in the range 4.5-50 GeV."
2204.11988,"A search for a long-lived, heavy neutral lepton ($\mathcal{N}$) in 139 fb$^{-1}$ of $\sqrt{s}=13$ TeV $pp$ collision data collected by the ATLAS detector at the Large Hadron Collider is reported. The $\mathcal{N}$ is produced via $W \rightarrow \mathcal{N} μ$ or $W \rightarrow \mathcal{N} e$ and decays into two charged leptons and a neutrino, forming a displaced vertex. The $\mathcal{N}$ mass is used to discriminate between signal and background. No signal is observed, and limits are set on the squared mixing parameters of the $\mathcal{N}$ with the left-handed neutrino states for the $\mathcal{N}$ mass range $3$ GeV $&lt; m_{\mathcal{N}} &lt; 15$ GeV. For the first time, limits are given for both single-flavor and multiflavor mixing scenarios motivated by neutrino flavor oscillation results for both the normal and inverted neutrino-mass hierarchies."
2503.16213,"A search is performed for long-lived heavy neutral leptons (HNLs), produced through the decay of a $W$ boson along with a muon or electron. Two channels are explored: a leptonic channel, in which the HNL decays into two leptons and a neutrino, and a semi-leptonic channel, in which the HNL decays into a lepton and a charged pion. The search is performed with 140~fb$^{-1}$ of $\sqrt{s} = 13$ TeV proton--proton collision data collected by ATLAS during Run 2 of the Large Hadron Collider. No excess of events is observed; Dirac-like and Majorana-like HNLs with masses below 14.5 GeV and mixing coefficients as small as 10$^{-7}$ are excluded at the 95% confidence level. The results are interpreted under different assumptions on the flavour of the leptons from the HNL decays."
2508.20929,"The existence of right-handed neutrinos with Majorana masses below the electroweak scale could help address the origins of neutrino masses, the matter-antimatter asymmetry, and dark matter. In this paper, leptonic decays of W bosons from 140 fb$^{-1}$ of 13 TeV proton-proton collisions at the LHC, reconstructed in the ATLAS experiment, are used to search for heavy neutral leptons produced through their mixing with muon or electron neutrinos in a scenario with lepton number violation. The search is conducted using prompt leptonic decay signatures. The considered final states require two same-charge leptons or three leptons, while vetoing three-lepton same-flavour topologies. No significant excess over the expected Standard Model backgrounds is found, leading to constraints on the heavy neutral lepton's mixing with muon and electron neutrinos for heavy-neutral-lepton masses. The analysis excludes $|U_{e}|^2$ values above $8\times 10^{-5}$ and $|U_μ|^2$ values above $5.0 \times 10^{-5}$ in the full mass range of 8-65 GeV. The strongest constraints are placed on heavy-neutral-lepton masses in the range 15-30 GeV of $|U_{e}|^2 &lt; 1.1 \times 10^{-5}$ and $|U_μ|^2 &lt; 5 \times 10^{-6}$."
2508.19778,"A model-agnostic search for Beyond the Standard Model physics is presented, targeting final states with at least four light leptons (electrons or muons). The search regions are separated by event topology and unsupervised machine learning is used to identify anomalous events in the full 140 fb$^{-1}$ of proton-proton collision data collected with the ATLAS detector during Run 2. No significant excess above the Standard Model background expectation is observed. Model-agnostic limits are presented in each topology, along with limits on several benchmark models including vector-like leptons, wino-like charginos and neutralinos, or smuons. Limits are set on the flavourful vector-like lepton model for the first time."
2211.08945,"A search for resonances in events with at least one isolated lepton ($e$ or $μ$) and two jets is performed using $139 \, {\text{fb}}^{-1}$ of $\sqrt{s}=13$ TeV proton-proton collision data recorded by the ATLAS detector at the LHC. Deviations from a smoothly falling background hypothesis are tested in three- and four-body invariant mass distributions constructed from leptons and jets, including jets identified as originating from bottom quarks. Model-independent limits on generic resonances characterised by cascade decays of particles leading to multiple jets and leptons in the final state are presented. The limits are calculated using Gaussian shapes with different widths for the invariant masses. The multi-body invariant masses are also used to set 95% confidence level upper limits on the cross-section times branching ratios for the production and subsequent decay of resonances predicted by several new physics scenarios"
2307.01612,"Searches for new resonances are performed using an unsupervised anomaly-detection technique. Events with at least one electron or muon are selected from 140 fb$^{-1}$ of $pp$ collisions at $\sqrt{s} = 13$ TeV recorded by ATLAS at the Large Hadron Collider. The approach involves training an autoencoder on data, and subsequently defining anomalous regions based on the reconstruction loss of the decoder. Studies focus on nine invariant mass spectra that contain pairs of objects consisting of one light jet or $b$-jet and either one lepton ($e$, $μ$), photon, or second light jet or $b$-jet in the anomalous regions. No significant deviations from the background hypotheses are observed."
2306.07413,"A search for events with a dark photon produced in association with a dark Higgs boson via rare decays of the Standard Model $Z$ boson is presented, using 139 fb$^{-1}$ of $\sqrt{s} = 13$ TeV proton-proton collision data recorded by the ATLAS detector at the Large Hadron Collider. The dark Higgs boson decays into a pair of dark photons, and at least two of the three dark photons must each decay into a pair of electrons or muons, resulting in at least two same-flavor opposite-charge lepton pairs in the final state. The data are found to be consistent with the background prediction, and upper limits are set on the dark photon's coupling to the dark Higgs boson times the kinetic mixing between the Standard Model photon and the dark photon, $α_{D}\varepsilon^2$, in the dark photon mass range of $[5, 40]$ GeV except for the $Υ$ mass window $[8.8, 11.1]$ GeV. This search explores new parameter space not previously excluded by other experiments."
2304.12885,"A search is presented for displaced production of Higgs bosons or $Z$ bosons, originating from the decay of a neutral long-lived particle (LLP) and reconstructed in the decay modes $H\rightarrow γγ$ and $Z\rightarrow ee$. The analysis uses the full Run 2 data set of proton$-$proton collisions delivered by the LHC at an energy of $\sqrt{s}=13$ TeV between 2015 and 2018 and recorded by the ATLAS detector, corresponding to an integrated luminosity of 139 fb$^{-1}$. Exploiting the capabilities of the ATLAS liquid argon calorimeter to precisely measure the arrival times and trajectories of electromagnetic objects, the analysis searches for the signature of pairs of photons or electrons which arise from a common displaced vertex and which arrive after some delay at the calorimeter. The results are interpreted in a gauge-mediated supersymmetry breaking model with pair-produced higgsinos that decay to LLPs, and each LLP subsequently decays into either a Higgs boson or a $Z$ boson. The final state includes at least two particles that escape direct detection, giving rise to missing transverse momentum. No significant excess is observed above the background expectation. The results are used to set upper limits on the cross section for higgsino pair production, up to a $\tildeχ^0_1$ mass of 369 (704) GeV for decays with 100% branching ratio of $\tildeχ^0_1$ to Higgs ($Z$) bosons for a $\tildeχ^0_1$ lifetime of 2 ns. A model-independent limit is also set on the production of pairs of photons or electrons with a significant delay in arrival at the calorimeter."
1802.01840,"A search for the narrow structure, $X(5568)$, reported by the D0 Collaboration in the decay sequence $X \to B^0_s π^\pm$, $B^0_s \to J/ψφ$, is presented. The analysis is based on a data sample recorded with the ATLAS detector at the LHC corresponding to 4.9 fb$^{-1}$ of $pp$ collisions at 7 TeV and 19.5 fb$^{-1}$ at 8 TeV. No significant signal was found. Upper limits on the number of signal events, with properties corresponding to those reported by D0, and on the $X$ production rate relative to $B^0_s$ mesons, $ρ_X$, were determined at 95% confidence level. The results are $N(X) &lt; 382$ and $ρ_X &lt; 0.015$ for $B^0_s$ mesons with transverse momenta above 10 GeV, and $N(X) &lt; 356$ and $ρ_X &lt; 0.016$ for transverse momenta above 15 GeV. Limits are also set for potential $B^0_s π^\pm$ resonances in the mass range 5550 MeV to 5700 MeV."
1410.4409,"This Letter presents a search for a hidden-beauty counterpart of the $X(3872)$ in the mass ranges 10.05--10.31 GeV and 10.40--11.00 GeV, in the channel $X_b \to π^{+} π^{-} Υ(1 \rm S)(\rightarrowμ^+μ^-)$, using 16.2 fb$^{-1}$ of $\sqrt{s}=8$ TeV $pp$ collision data collected by the ATLAS detector at the LHC. No evidence for new narrow states is found, and upper limits are set on the product of the $X_b$ cross section and branching fraction, relative to those of the $Υ(2 \rm S)$, at the 95% confidence level using the CL$_S$ approach. These limits range from 0.8% to 4.0%, depending on mass. For masses above 10.1 GeV, the expected upper limits from this analysis are the most restrictive to date. Searches for production of the $Υ(1^3 \rm{D}$$_J)$, $Υ(10860)$, and $Υ(11020)$ states also reveal no significant signals."
